"ISO3V10","Country","EPI_regions","GEO_subregion","Population2005","GDP_capita.MRYA","landlock","landarea","density","EPI","ENVHEALTH","ECOSYSTEM","ENVHEALTH.1","AIR_E","WATER_E","BIODIVERSITY","PRODUCTIVE_NATURAL_RESOURCES","CLIMATE","DALY_SC","WATER_H","AIR_H","AIR_E.1","WATER_E.1","BIODIVERSITY.1","FOREST","FISH","AGRICULTURE","CLIMATE.1","ACSAT_pt","WATSUP_pt","DALY_pt","INDOOR_pt","PM10_pt","OZONE_H_pt","SO2_pt","OZONE_E_pt","WATQI_pt","WATSTR_pt","WATQI_GEMS.station.data","FORGRO_pt","CRI_pt","EFFCON_pt","AZE_pt","MPAEEZ_pt","EEZTD_pt","MTI_pt","IRRSTR_pt","AGINT_pt","AGSUB_pt","BURNED_pt","PEST_pt","GHGCAP_pt","CO2IND_pt","CO2KWH_pt","ACSAT","WATSUP","DALY","INDOOR","PM10","OZONE_H","SO2","OZONE_E","WATQI","WATQI_GEMS.station.data.1","WATSTR","FORGRO","CRI","EFFCON","AZE","MPAEEZ","EEZTD","MTI","IRRSTR","AGINT","AGSUB","BURNED","PEST","GHGCAP","CO2IND","CO2KWH"
"AGO","Angola","Sub-Saharan Africa","Southern Africa",15941.4,2314.4,0,1.2519e+06,0.2,39.5,8.9,70.1,8.9,49.2,61.6,58.9,81.3,74.6,0,19.8,16,49.2,61.6,58.9,95.4,87.3,61.3,74.6,19.3,20.2,0,0,40,0,98.4,0,29.4,98.3,NA,95.4,99.7,95.7,0,14,74.5,100,97.5,100,100,0,9.1,65.8,95,63,31,53,109,95,91.4,4948.8,0.7,1.36433e+09,57.5,NA,5.5,1,0.5,9.6,0,1.4,0.2549,0.0016,2.2,0,0,15.3,2,20,1.2,343
"ALB","Albania","Central and Eastern Europ","Central Europe",3129.7,4955.3,0,28346.1,34.3,84,89.3,78.6,89.3,99.1,96.5,4,79.4,93.4,99.5,91.3,66.8,99.1,96.5,4,100,62.5,75.6,93.4,89.5,93.2,99.5,47.4,70.1,99.1,98.5,99.8,93,90.3,93,100,5.5,1.6,NA,6,25.1,100,100,90.2,100,78.9,9.1,98.8,85,96.3,91,96,0.3,50,55.5,15.8,0.6,680845,95.8,95.8,0,1,0,0.2,NA,0.6,0.7492,0,0,6.2,0,2.9,2,2.9,1.9,34
"ARE","United Arab Emirates            ","Middle East and North Africa","Arabian Peninsula",4495.8,22698.3,0,74776.6,8.7,64,89.8,38.2,89.8,85.1,27.1,36.6,74.1,26.6,98.9,98.8,62.4,85.1,27.1,36.6,100,50,72.3,26.6,97.7,100,98.9,94.7,11.2,100,70.2,100,0,100,NA,100,100,2.3,NA,1,0,100,51.8,100,100,96.1,13.6,38.6,32.1,9,98,100,0.6,5,125.6,0,12.6,26.3,39.9,NA,41.6,1,0.5,0.2,NA,0.1,1,0.0034,41,0,0,0.5,3,34.1,5.5,844
"ARG","Argentina","Latin America and Caribbe","South America",38747.2,13652.4,0,2.7363e+06,1.3,81.8,91.1,72.5,91.1,87.3,74.9,33.6,71.5,82.3,98,91.3,76.9,87.3,74.9,33.6,75.9,58.8,79.9,82.3,89.5,93.2,98,94.7,51.3,92.4,98.8,75.7,76.4,100,76.4,75.9,39.8,33.9,40,2,17.5,100,74.6,78.4,100,55.7,90.9,87.1,92.7,67,91,96,1.1,5,77.9,140.4,0.5,9.96327e+07,85.8,85.8,24.1,0.9,0.2,3.4,40,0.2,0.8248,0.0044,21.6,13.7,0,6,20,8.9,1.4,306
"ARM","Armenia","Middle East and North Africa","Eastern Europe",3016.3,5011,1,28272.7,30.3,77.8,88,67.5,88,99.4,28,16,82.1,87.2,98.2,83.3,72.5,99.4,28,16,70.1,NA,94.2,87.2,80.1,86.4,98.2,72.2,59,100,98.8,100,31.7,100,NA,70.1,37.7,10.4,0,100,NA,NA,97,94.5,100,79.5,100,98,78.3,85.1,83,92,1,26.4,68.7,0,0.5,0,58.9,NA,68.6,0.9,0.2,1,0,10,NA,NA,2.5,3.5,0,2.8,22,3.3,2.3,138
"AUS","Australia","East Asia and the Pacific","Australia + New Zealand",20155.1,30677.9,0,7.63464e+06,0.3,79.8,99.3,60.4,99.3,84.9,62.5,78.1,91.8,42.5,99.6,100,97.9,84.9,62.5,78.1,100,96.7,78.7,42.5,100,100,99.6,94.7,100,100,69.9,100,75.3,73.4,75.3,100,86.1,79,69.4,78,93.5,100,50.7,79.6,99.9,63.3,100,45.4,76.2,5.9,100,100,0.2,5,15.9,0,12.7,11575.3,85.2,85.2,45.7,1,0.4,7.9,69.4,7.8,0.0651,0.0014,41.9,12.9,0,5,22,30.5,2.5,873
"AUT","Austria","Europe","Western Europe",8189.4,30735.8,1,83160.6,16.3,89.4,98.1,80.7,98.1,97,79.9,71.6,88.2,79.9,99.8,100,92.8,97,79.9,71.6,100,NA,76.4,79.9,100,100,99.8,94.7,87.8,99.2,94.4,99.6,59.8,100,59.8,100,80.1,63,NA,100,NA,NA,100,63.2,22.8,96,100,81.6,82.3,75.7,100,100,0.1,5,34.5,15.7,2.4,1.82848e+06,75.9,75.9,0,1.1,0.4,6.3,NA,10,NA,NA,0,23.3,36,0.5,22,11.8,2.1,225
"AZE","Azerbaijan","Central and Eastern Europ","Eastern Europe",8410.8,5953.4,1,85359.9,14.6,72.2,76.4,67.9,76.4,97.7,48.5,29,85.7,77.1,93,53.6,66.2,97.7,48.5,29,100,NA,71.4,77.1,46.2,61,93,48.4,67,100,95.4,100,31.7,100,NA,100,46.2,11.9,NA,100,NA,NA,82.9,91.1,100,78.4,4.5,88.7,97.1,45.6,54,77,3.9,49,59.2,0,1.9,0,58.9,NA,31.4,1,0.2,1.2,NA,10,NA,NA,14.6,5.6,0,2.9,1,8.1,1.1,505
"BDI","Burundi","Sub-Saharan Africa","Eastern Africa",7547.5,629.8,1,25227,91,54.7,37.6,71.7,37.6,99.5,62.8,62.5,48,81.5,26.1,44.7,53.5,99.5,62.8,62.5,0,NA,95.9,81.5,25.1,64.3,26.1,0,84.1,99.4,99.3,99.6,25.6,63,NA,0,84.1,40.9,NA,100,NA,NA,100,92,100,87.7,100,94,100,50.5,36,79,41,95,38.9,11.6,0.3,1.4636e+06,55.3,NA,0,0.6,0.4,4.1,NA,10,NA,NA,0,5.1,0,1.7,22,5.3,0.8,459
"BEL","Belgium","Europe","Western Europe",10419.1,30004.2,0,30553.3,71.2,78.4,98.8,58,98.8,50.2,52.3,10,76.1,69.5,99.6,100,96,50.2,52.3,10,100,47.4,80.8,69.5,100,100,99.6,94.7,95.4,99.7,0.6,99.8,59.6,100,59.6,100,9.6,11.5,NA,0,0,94.9,100,87.1,22.8,98.6,95.5,77.7,59.7,71.1,100,100,0.2,5,25.4,6.4,41.9,891092,75.7,75.7,49.8,1.1,0,1.2,NA,0,1,-0.001,0,8.2,36,0.2,21,13.8,3.6,268
"BEN","Benin","Sub-Saharan Africa","Western Africa",8438.9,1015.9,0,115828,10.5,56.1,40.2,71.9,40.2,91.6,60.1,86,65.8,71.2,40.5,32.8,47.1,91.6,60.1,86,17.8,91.5,88.2,71.2,21.6,44,40.5,0.4,80.7,73,99.4,83.8,20.1,45,NA,17.8,98.9,98.7,NA,0,83,100,100,87.9,100,57.9,95.5,93.7,96.3,23.5,33,67,33,94.6,42.9,500.7,0.2,6.63885e+07,52,NA,0,0.8,0.5,9.9,NA,0,0.1701,0.0033,0,7.7,0,5.7,21,5.5,1.1,710
"BFA","Burkina Faso","Sub-Saharan Africa","Western Africa",13227.8,1142.9,1,275748,5.2,44.3,16.2,72.5,16.2,90.7,53.4,64.7,76.1,77.6,8.1,16.9,31.8,90.7,53.4,64.7,64.5,NA,87.7,77.6,0,33.8,8.1,0,38,83.3,99.8,81.6,20.1,82.4,NA,64.5,46.1,83.2,NA,100,NA,NA,96,99.3,100,79.6,63.6,97.3,99.3,36.3,13,61,51,95,93.7,310.2,0.1,7.53164e+07,52,NA,12.2,0.9,0.2,8.3,NA,10,NA,NA,3.4,0.4,0,2.8,14,3.7,0.9,591
"BGD","Bangladesh","South Asia","South Asia",141822,1916.2,0,136248,95,58,53.6,62.4,53.6,95.7,74.8,5.5,47.1,77.1,74.8,42.3,22.5,95.7,74.8,5.5,83.1,0,58.2,77.1,28.7,55.9,74.8,6.4,0,99.6,96.1,95.2,59.3,81.8,59.3,83.1,4.4,9.5,NA,1,0,NA,100,0,91.7,99.3,0,100,91.3,40,39,74,14,88.9,140,7.7,1.6,1.95004e+07,75.5,75.5,8.8,1,0,0.9,NA,0.1,1,NA,0,68,3.9,0.1,0,1.3,1.4,557
"BGR","Bulgaria","Central and Eastern Europ","Central Europe",7726,8753.9,0,111307,14,78.5,94.7,62.2,94.7,83.9,76.1,21.3,78.6,63.3,99.6,98.6,81,83.9,76.1,21.3,100,52.3,83.5,63.3,98.8,98.3,99.6,82.1,70.3,100,67.7,100,92.4,88.9,92.4,100,26.6,22.7,NA,0,87.7,16.9,94,71,93.5,59.2,100,88.6,49.5,51.7,99,99,0.2,17,55.3,0,13.6,1308.5,95.4,95.4,36.5,1.1,0.1,2.3,NA,0,0.1234,-0.0162,5.1,18.4,3,5.5,22,8.1,4.3,448
"BIH","Bosnia and Herzegovina          ","Central and Eastern Europ","Central Europe",3907.1,5600,0,51295.2,1.1,79.7,93.1,66.3,93.1,91.8,92.4,1.2,88.6,68.9,99.5,94.5,79,91.8,92.4,1.2,100,NA,77.2,68.9,94.2,94.9,99.5,47.7,100,99.8,83.7,99.9,84.8,99,84.8,100,1.9,0.5,NA,100,NA,NA,100,96.9,100,79.9,9.1,93.9,79.4,33.3,95,97,0.3,49.7,19.4,4,6.9,246209,90.9,90.9,0,1.1,0,0,NA,10,NA,NA,0,2,0,2.7,2,5.4,2.3,619
"BLR","Belarus","Central and Eastern Europ","Eastern Europe",9755.1,7809.6,1,207013,8.4,80.5,95.4,65.6,95.4,98.7,64.8,23.3,88.4,68.3,99.5,90.6,92,98.7,64.8,23.3,100,NA,76.8,68.3,81.3,100,99.5,80,100,100,97.4,100,31.7,89.3,NA,100,26.4,20.3,NA,100,NA,NA,100,86.8,100,88.2,9.1,86.1,50.9,67.8,84,100,0.3,19,6.7,0,1.1,0,58.9,NA,1.8,1.1,0.1,2,NA,10,NA,NA,0,8.3,0,1.6,2,9.4,4.2,299
"BLZ","Belize","Latin America and Caribbe","Meso America",269.7,6460,0,22290.4,0,71.7,81.3,62.2,81.3,99.5,78.5,89.2,81.4,39.6,92.1,61.4,79.8,99.5,78.5,89.2,100,62.4,81.7,39.6,38,84.7,92.1,54.7,100,89.4,99.1,99.8,57.1,96.7,NA,100,100,96.7,NA,71,83.7,41,100,100,100,99.5,9.1,0,80.4,38.4,47,91,4.4,43,18.1,195.4,0.4,690736,74.2,NA,0,1,0.5,9.7,NA,7.1,0.1629,-0.0115,0,0,0,0.1,2,54.1,2.2,571.1
"BOL","Bolivia","Latin America and Caribbe","South America",9182,2579.2,1,1.06913e+06,1.3,64.7,61.2,68.2,61.2,49.4,70.7,78.4,84.5,61.3,73,55.7,43.2,49.4,70.7,78.4,90.2,NA,78.9,61.3,36.8,74.5,73,63.8,44.3,0,98.8,0,43.7,100,43.7,90.2,100,92.4,42.9,100,NA,NA,100,100,100,76.3,18.2,44.5,91.3,48.1,46,85,15,34.4,86.2,2509.2,0.5,4.30776e+08,66.2,66.2,2.1,1,0.5,9.2,42.9,10,NA,NA,0,0,0,3.2,4,31,1.4,481
"BRA","Brazil","Latin America and Caribbe","South America",186405,7825.8,0,8.51104e+06,2.5,82.7,86.9,78.4,86.9,48.9,85.7,53.9,89,83.3,93.5,76.9,83.8,48.9,85.7,53.9,81.9,89.7,95.4,83.3,70.8,83,93.5,86.4,93.2,59.6,97.8,0,73.9,63.2,73.9,81.9,70.3,78.7,32.1,9,79.4,100,99.3,96.8,95.8,93.9,90.9,80.9,78,90.9,75,90,3.6,12.9,28.1,748.9,0.9,2.66099e+09,84.3,84.3,2.3,1,0.4,7.9,32.1,0.9,0.2059,0.0073,0.6,2,2,0.8,20,12.1,2.4,84
"BWA","Botswana","Sub-Saharan Africa","Southern Africa",1764.9,11313.3,1,559516,0.3,68.7,68.6,68.7,68.6,90.6,47.8,100,75.7,61.4,88.1,61.8,36.3,90.6,47.8,100,79.2,NA,72.3,61.4,32.2,91.5,88.1,31.6,59.1,0,98.7,82.6,29.4,77.5,NA,79.2,100,100,NA,100,NA,NA,62.9,100,100,94,4.5,84.1,100,0,42,95,6.6,65,68.6,2415,0.6,7.13236e+07,57.5,NA,30.6,1,0.5,10,NA,10,NA,NA,31.6,0,0,0.8,1,10.5,0.8,1848
"CAF","Central African Republic        ","Sub-Saharan Africa","Central Africa",4037.7,1111.5,1,622868,0,56,35.2,76.9,35.2,55.4,60.6,100,84.5,74.8,36.9,36.1,30.7,55.4,60.6,100,97.2,NA,71.8,74.8,14.6,57.6,36.9,0,76.8,0,98.3,12.5,21.8,93.8,NA,97.2,100,100,NA,100,NA,NA,100,100,100,0,59.1,77.1,100,47.3,27,75,35,95,47.6,4524.8,0.7,3.58935e+08,53,NA,0.5,1,0.5,10,NA,10,NA,NA,0,0,0,21.4,13,14.1,0.8,489.1
"CAN","Canada","North America","North America",32268.2,30277.9,0,9.45891e+06,0.4,86.6,98.9,74.4,98.9,82.2,92.9,67.6,77,69.3,99.6,100,96.3,82.2,92.9,67.6,100,50.7,80.4,69.3,100,100,99.6,94.7,100,91.8,80.5,84,87.6,90.3,87.6,100,92.7,72.7,75,5,67.5,33.8,98.4,59.6,55,89,100,59.7,69.7,78.5,100,100,0.2,5,19.1,152.1,8.3,6.55615e+07,92.5,92.5,1.7,1,0.5,7.3,75,0.5,0.3245,-0.0129,1.4,25.6,21,1.5,22,23.1,2.9,199
"CHE","Switzerland","Europe","Western Europe",7252.3,32775.2,1,38975.1,39.3,95.5,98.9,92.1,98.9,97.1,94.5,82.7,89.1,94.6,99.8,100,96.1,97.1,94.5,82.7,100,NA,78.3,94.6,100,100,99.8,94.7,96.3,98.5,94.9,99.3,88.9,80.5,88.9,100,100,65.3,NA,100,NA,NA,100,93.2,0,98.1,100,89.1,97.4,97.2,100,100,0.1,5,24.4,27.3,2.1,2.75599e+06,93.3,93.3,0,1,0.5,6.5,NA,10,NA,NA,0,4.3,68,0.3,22,7.9,1,26
"CHL","Chile","Latin America and Caribbe","South America",16295.1,10938.6,0,721229,2.2,83.4,93.3,73.6,93.3,87.6,69.5,42.7,87.8,78.4,98.2,90.5,86.3,87.6,69.5,42.7,100,69,94.3,78.4,89.5,91.5,98.2,94.7,71,100,75.2,100,57.3,90.7,57.3,100,80.7,61.5,28.6,0,87.2,50.7,98.8,99.4,86.5,86.9,100,92.5,81.3,61.5,91,95,1,5,54.4,0,10.5,153.1,74.3,74.3,16.5,1.1,0.4,6.2,28.6,0,0.1276,-0.0096,1,0.4,6.3,1.8,22,6.1,2.1,357
"CHN","China","East Asia and the Pacific","Northeast Asia",1.31584e+06,6620.7,0,9.19809e+06,33.4,65.1,71.4,58.8,71.4,44.9,69.6,56.7,75.2,52.7,94.6,47.7,48.6,44.9,69.6,56.7,100,44,81.5,52.7,34.5,61,94.6,15.8,56.1,99,86.8,3,60.7,96.7,60.7,100,74.7,65.5,45.7,3,13.1,74.9,81,83.2,98.1,86,59.1,93.3,49.7,15,44,77,3,80,72.2,18,5.6,3.9771e+08,76.4,76.4,19.6,1.1,0.4,6.5,45.7,0.3,0.8694,-0.0049,16.1,10.7,0.9,1.9,13,5.7,4.3,788
"CIV","Cote d'Ivoire","Sub-Saharan Africa","Western Africa",18153.9,1470.8,0,320329,6.8,65.2,57.4,73,57.4,83.4,49.8,63.9,93.3,75.6,47.7,49.6,84.4,83.4,49.8,63.9,100,91.2,88.7,75.6,26.3,72.8,47.7,87.1,84.6,78.8,99.1,67.7,1.7,100,1.7,100,82.2,94.7,50,0,82.4,100,99.8,98.3,100,68.2,77.3,85.8,96.9,44.2,37,84,29,12.3,38.3,392.1,0.4,1.32395e+08,40.9,40.9,1.8,1,0.4,9.5,50,0,0.1759,0.0062,0.2,1.1,0,4.3,17,9.6,1.1,518
"CMR","Cameroon","Sub-Saharan Africa","Central Africa",16321.9,2079.4,0,465765,7,63.8,47.7,79.9,47.7,83.6,60.9,53.4,66.9,97,51.3,42.5,45.8,83.6,60.9,53.4,78.4,52.4,69.9,97,42.7,42.3,51.3,12.8,62.7,77.7,99,68.2,21.8,84.7,NA,78.4,82.6,61.6,14.3,100,9.4,95.4,100,79.8,100,60.5,9.1,95.2,100,95.8,51,66,27,82.8,64.3,412.7,0.4,1.30496e+08,53,NA,0,1,0.4,6.2,14.3,10,0.9055,-0.0009,0,12.8,0,5.4,2,4.7,0.2,39
"COD","Dem. Rep. Congo","Sub-Saharan Africa","Central Africa",57548.7,700,0,2.31341e+06,2.7,47.3,12.6,82,12.6,49.7,69.2,73.2,70.6,95.2,0,13.2,37.2,49.7,69.2,73.2,94.8,46.3,70.8,95.2,18.1,8.3,0,0,72.7,40.9,99.5,0,38.5,100,38.5,94.8,100,86.3,33.3,0,86.9,5.6,100,99.9,100,40.3,13.6,85.9,100,99.7,30,46,64,95,52.5,1094.6,0.2,1.18256e+09,63,63,0,1,0.5,8.6,33.3,0,0.1308,-0.0184,0,0.1,0,8.1,3,9.5,0.8,3
"COG","Congo","Sub-Saharan Africa","Central Africa",3998.9,1159.4,0,343235,2.5,69.7,51,88.4,51,87.3,60.9,93.4,90.5,94.6,76.6,21.7,29.2,87.3,60.9,93.4,98.4,74.1,99.1,94.6,14.6,28.7,76.6,10.5,45,34.8,94.3,80.2,21.8,98.5,NA,98.4,100,94.5,NA,8,64.6,83.6,100,100,100,95.7,100,83.9,100,100,27,58,13,85,85.4,1208.3,2.4,8.10008e+07,53,NA,0,1,0.5,9.5,NA,0.8,0.3537,-0.0032,0,0,0,0.6,22,10.6,0.1,0
"COL","Colombia","Latin America and Caribbe","South America",45600.2,6886,0,1.14118e+06,5.4,88.3,91.4,85.2,91.4,98.3,74.9,75,94.8,87.1,94.6,85.9,90.6,98.3,74.9,75,100,99,85.5,87.1,83.6,88.1,94.6,79.5,97.3,99.5,98.8,97.8,53,100,53,100,93.7,94,37.2,75,99,NA,96.8,99.9,52.8,91.6,86.4,94,85,82.4,86,93,3,19.5,23.2,10.2,0.5,8.95623e+06,71.7,71.7,2.8,1,0.5,9.4,37.2,7.5,0.0104,NA,2.7,0,22,1.1,19,5.3,1.9,163
"CRI","Costa Rica","Latin America and Caribbe","Meso America",4327.2,9646.5,0,51015,8.8,90.5,93.2,87.7,93.2,99.3,78.5,48,97.1,98.3,98.2,92.8,83.8,99.3,78.5,48,100,99.1,92,98.3,90.6,94.9,98.2,75.8,83.8,100,98.6,100,57.1,94.9,NA,100,95,15.9,75,6,98.2,100,100,93.6,94.8,99,72.7,97.8,100,97.1,92,97,1,23,39.3,0,0.6,0,74.2,NA,0,1,0.5,1.6,75,0.6,0.0175,0.0085,0,4.1,2.4,0.1,16,3.4,0.6,27
"CUB","Cuba","Latin America and Caribbe","Caribbean",11269.4,4100,0,111199,24.3,80.7,96.4,65.1,96.4,96.6,72.2,28,86.6,64.5,98.2,91.2,97.9,96.6,72.2,28,100,78.6,81,64.5,97.7,84.7,98.2,94.7,100,99.9,93.2,100,76.1,78.4,76.1,100,34.4,24.5,47.2,6,88.6,68.7,100,46,100,95.5,63.6,95.4,98.1,0,98,91,1,5,19.1,1.1,2.9,194058,85.6,85.6,28.7,1.2,0.2,2.5,47.2,0.6,0.1141,-0.0061,0,34.2,0,0.6,14,4.6,1,987
"CYP","Cyprus","Middle East and North Africa","Central Europe",835.3,20202.7,0,9273.16,13.9,79.2,96.8,61.6,96.8,91.6,67.2,29.3,97.3,56,99.1,100,88.8,91.6,67.2,29.3,100,94.5,NA,56,100,100,99.1,94.7,77.3,100,83.3,100,34.4,16.9,34.4,100,65.7,22.1,NA,0,95.3,93.8,NA,100,22.8,95.7,95.5,81.6,71.7,14.6,100,100,0.5,5,47,0,7.1,0,60.5,60.5,0,1,0.3,2.2,NA,0,0.0475,-0.0012,NA,0,36,0.6,21,11.8,2.8,792
"CZE","Czech Rep.","Central and Eastern Europ","Central Europe",10219.6,19699.5,1,78600.6,30.5,76.8,91.6,62,91.6,78.3,50.2,38.4,90.9,62.3,99.8,98.8,68,78.3,50.2,38.4,100,NA,81.9,62.3,97.7,100,99.8,22.4,97.5,99.9,56.6,100,3.3,97.2,3.3,100,49.7,27.1,NA,0,NA,NA,100,54.7,61.4,93.3,100,76.7,65.7,44.4,98,100,0.1,73.7,23,1.1,18.3,155901,41.9,41.9,2.6,1.1,0.2,2.7,NA,0,NA,NA,0,28.6,18,0.9,22,14.3,3.2,516
"DEU","Germany","Europe","Western Europe",82689.2,27437.6,0,356026,68.9,86.3,99.4,73.3,99.4,91.1,79.2,48.2,76.5,76.2,99.8,100,97.8,91.1,79.2,48.2,100,51,78.5,76.2,100,100,99.8,94.7,100,99.6,84,98.2,76,24.3,76,100,62.7,25.2,NA,100,2.1,100,100,72.8,22.8,96.7,100,80.8,85.5,62.4,100,100,0.1,5,19.3,6.7,6.7,7.5262e+06,85.6,85.6,15.9,1.2,0.3,2.5,NA,10,0.9795,0.0018,0,17.2,36,0.5,22,12.2,1.8,349
"DJI","Djibouti","Sub-Saharan Africa","Eastern Africa",793.1,1982.4,0,20903.5,4.2,50.5,57.2,43.9,57.2,99.8,49.8,0.2,68.5,42.3,36.9,66.6,88.2,99.8,49.8,0.2,100,23.9,81.6,42.3,78.9,54.2,36.9,94.4,76.2,100,99.7,100,25.6,100,NA,100,0,0,0,2,23.9,NA,46,100,100,89.5,72.7,6.2,90.5,30.1,82,73,35,5.3,48.3,0,0.1,0,55.3,NA,23.6,1,0,0,0,0.2,0.7608,NA,46,0,0,1.4,16,50.9,1.5,648.6
"DNK","Denmark","Europe","Western Europe",5430.6,31422.5,0,42484.5,26.5,84,99.3,68.7,99.3,96.1,83.4,13.9,56.1,81.8,99.6,100,97.8,96.1,83.4,13.9,100,3.9,64.5,81.8,100,100,99.6,94.7,100,99.8,92.3,99.9,69.2,100,69.2,100,9.6,1.1,NA,31,5.9,1.8,100,0,22.8,99.6,100,81.8,94.1,69.4,100,100,0.2,5,20,4.5,3.3,206460,81.5,81.5,2.3,1,0,0.1,NA,3.1,0.9408,-0.0191,0,63.4,36,0.1,22,11.7,1.3,284
"DOM","Dominican Rep.","Latin America and Caribbe","Caribbean",8894.9,7617.8,0,48092,48.2,83,88.8,77.2,88.8,97.4,68.5,65.7,85.5,78.7,91,82.9,90.4,97.4,68.5,65.7,100,64.8,91.7,78.7,74.3,91.5,91,84.1,92,100,94.8,100,59.4,97.5,NA,100,53.2,26.4,83.3,100,83,46.6,86.5,78.2,100,98.2,95.5,98.1,100,38.1,78,95,5,15.1,29.6,0,2.2,0,75.6,NA,20.4,1,0.3,2.6,83.3,10,0.1697,-0.0104,11.5,13.8,0,0.3,21,3.2,0.8,574
"DZA","Algeria","Middle East and North Africa","Northern Africa",32853.8,6375.6,0,2.3025e+06,3.5,77,82.2,71.8,82.2,98.7,36.5,73.9,86.7,74.6,85.6,82.6,74.9,98.7,36.5,73.9,100,91.6,68.4,74.6,90.6,74.5,85.6,94.7,42.7,99.8,97.8,99.5,0,38.7,0,100,89.5,62.1,NA,5,83.3,100,62.7,11.6,100,99.5,68.2,96.5,99.6,27.7,92,85,8,5,88.1,4,0.9,1.88583e+06,37.7,37.7,24.5,1.1,0.4,6.2,NA,0.5,0.1674,0.0015,31.7,55.9,0,0.1,15,4,0.9,671
"ECU","Ecuador","Latin America and Caribbe","South America",13228.4,3981.6,0,256271,7.9,84.4,91.7,77,91.7,98.9,72.2,79.6,61.8,80.1,91,88.5,96.3,98.9,72.2,79.6,47.2,47.4,90.9,80.1,87.1,89.8,91,94.7,95.9,100,97.8,100,65.6,68.4,65.6,47.2,90.1,88.9,39.5,100,94.8,0,94.5,98.4,76.4,98.6,86.4,94.8,85.3,60.2,89,94,5,5,24.9,0,0.9,0,79.3,79.3,19.2,0.9,0.5,8.9,39.5,10,0.0517,-0.0237,4.7,1,11,0.2,19,4.9,1.9,369
"EGY","Egypt","Middle East and North Africa","Northern Africa",74032.9,4031,0,968071,5.1,76.3,79.6,73,79.6,90.1,67.6,77.2,82,68.9,89.2,80.8,59.3,90.1,67.6,77.2,100,76.8,69.3,68.9,64.9,96.6,89.2,94.7,3.4,100,80.3,100,63.4,100,63.4,100,93.7,73,NA,32,53.6,100,32.4,27.8,100,99.9,86.4,98,59.4,49.2,70,98,6,5,134.8,0,8.3,0,78,78,25.5,1.1,0.5,7.3,NA,3.2,0.464,0.0071,57.5,45.7,0,0,19,3.3,3.6,471
"ERI","Eritrea","Sub-Saharan Africa","Eastern Africa",4401.4,947.1,0,121863,4,59.4,47.2,71.7,47.2,100,62.8,42.4,89.8,75,63.9,16,44.7,100,62.8,42.4,98.8,89.1,81.6,75,0,32.1,63.9,16.1,45.6,100,99.9,100,25.6,97.9,NA,98.8,68.8,43.5,NA,0,78.2,100,100,100,100,94.2,13.6,100,100,25,9,60,20,79.7,84.7,0,0,0,55.3,NA,0,1,0.3,4.4,NA,0,0.2182,0.0074,0,0,0,0.8,3,2.1,0.4,696
"ESP","Spain","Europe","Western Europe",43064.2,24681,0,505284,11.6,83.1,98.2,68.1,98.2,93.7,64.4,28.7,84.1,73.7,99.6,100,93.4,93.7,64.4,28.7,100,83.6,68.5,73.7,100,100,99.6,94.7,88.8,99.7,88,99.3,69.8,72.9,69.8,100,35.6,23.2,50,6,79.6,87.7,81.2,50.1,22.8,93,95.5,83.3,80.3,57.5,100,100,0.2,5,33.3,4.6,5.1,2.85172e+06,81.8,81.8,37.1,1.1,0.2,2.3,50,0.6,0.2041,-0.0024,16,31.6,36,0.9,21,10.9,2.2,394
"EST","Estonia","Europe","Central Europe",1329.7,15885,0,43178.8,3.4,85.2,97.7,72.7,97.7,95.3,79,72.4,95.2,61.8,99.6,98.2,93.1,95.3,79,72.4,89.8,98.4,97.5,61.8,96.5,100,99.6,82.7,100,100,90.5,100,60.7,100,60.7,89.8,93.7,90,NA,27,96.8,100,100,94.3,100,97.7,95.5,77.1,80,28.3,97,100,0.2,16.4,15.5,0,4,0,76.4,76.4,2.5,1,0.5,9,NA,2.7,0.0322,0.0014,0,3.6,0,0.3,21,14.1,2.2,665
"ETH","Ethiopia","Sub-Saharan Africa","Eastern Africa",77430.7,1030.2,1,1.12372e+06,21,58.8,35,82.7,35,95.5,52.8,71.2,71.6,97.2,49.5,0,40.9,95.5,52.8,71.2,69.8,NA,73.4,97.2,0,0,49.5,0,52.9,98.6,99.5,91.5,25.6,80,NA,69.8,70.4,68.1,75,100,NA,NA,94.3,98.4,100,51.5,22.7,100,92.4,99.2,13,22,28,95,76,26.3,0.2,3.49888e+07,55.3,NA,18.2,0.9,0.4,6.8,75,10,NA,NA,4.8,1,0,6.6,5,1.7,1.4,7
"FIN","Finland","Europe","Western Europe",5249.1,30420.3,0,317001,2.4,91.4,99.3,83.6,99.3,97.7,99,78.3,91.3,76.8,99.6,100,97.9,97.7,99,78.3,100,94.4,79.4,76.8,100,100,99.6,94.7,100,100,95.4,100,98.4,100,98.4,100,98.9,76.8,NA,9,90.3,98.5,100,75.8,22.8,98.3,100,78.8,72.7,79.1,100,100,0.2,5,19.1,0.2,1.9,6251.3,99.1,99.1,0.4,1,0.5,7.7,NA,0.9,0.0969,-0.0003,0,15.3,36,0.2,22,13.2,2.7,194
"FJI","Fiji","East Asia and the Pacific","South Pacific",847.7,5529.4,0,18351.7,1.9,69.7,78.2,61.2,78.2,99.8,86.2,8.7,99,54.3,96.4,38.6,81.3,99.8,86.2,8.7,100,97.9,NA,54.3,67.3,10,96.4,57.9,95.3,100,99.6,100,72.5,93.9,72.5,100,4.9,0,30,0,95.9,100,NA,NA,100,NA,90.9,11.2,91.1,60.6,72,47,2,40,25.6,0,0.2,0,83.5,83.5,0,1,0,0,30,0,0.0411,0.0052,NA,NA,0,NA,20,48.2,1.5,365.8
"FRA","France","Europe","Western Europe",60495.5,28876.5,0,547107,17.9,87.8,99.4,76.2,99.4,95.9,76.6,27.4,86,85.7,99.8,100,97.8,95.9,76.6,27.4,100,84,73.9,85.7,100,100,99.8,94.7,100,99.4,94.2,97.5,62.5,89,62.5,100,34.7,25.1,50,0,75.2,92.8,100,54.2,22.8,97.1,95.5,86.7,80.2,90.2,100,100,0.1,5,13.8,12,2.4,1.02716e+07,77.4,77.4,8.4,1.1,0.2,2.5,50,0,0.248,-0.0014,0,29,36,0.4,21,9.1,2.2,91
"GAB","Gabon","Sub-Saharan Africa","Central Africa",1383.8,5835,0,265146,0.1,77.3,75.4,79.1,75.4,97.1,60.9,73,89.9,81.4,82,52.4,85.3,97.1,60.9,73,99,88.5,82.4,81.4,25.1,79.6,82,70.9,100,84.4,96,98.1,21.8,100,NA,99,100,94.3,NA,10,76.9,100,100,98.7,100,99.5,13.6,89.3,94.6,60.3,36,88,10,27.6,6.4,288.8,1.7,7.60648e+06,53,NA,0,1,0.5,9.4,NA,1,0.2309,0.0142,0,0.8,0,0.1,3,7.8,1.2,368
"GBR","United Kingdom","Europe","Western Europe",59667.8,30237.2,0,247169,42.8,86.3,99.4,73.2,99.4,91,87.4,47.2,74.7,74.6,99.8,100,97.9,91,87.4,47.2,100,47.3,76.9,74.6,100,100,99.8,94.7,100,100,82.1,99.9,84.2,84.7,84.2,100,100,19,66.7,3,14.1,80.5,100,67.7,22.8,98.4,95.5,83.1,91.6,49,100,100,0.1,5,15.1,0.7,7.6,495934,90.5,90.5,8.4,1.1,0.5,1.9,66.7,0.3,0.8587,-0.0038,0,20.5,36,0.2,21,11,1.4,473
"GEO","Georgia","Central and Eastern Europ","Eastern Europe",4474.4,3303.9,0,69236.1,14.1,82.2,88.4,75.9,88.4,99.8,62,18.6,83.4,92.7,99.5,81.2,73.5,99.8,62,18.6,100,77.7,72.4,92.7,93,69.4,99.5,54.7,79,100,99.6,100,31.7,39.6,NA,100,28.5,14.7,NA,0,85.2,70.2,74.7,95.3,100,78.5,13.6,96,91.7,90.4,94,82,0.3,43,44.9,0,0.2,0,58.9,NA,7,1,0.1,1.5,NA,0,0.1482,-0.0058,21.5,3,0,2.9,3,4.3,1.4,89
"GHA","Ghana","Sub-Saharan Africa","Western Africa",22112.8,2299.1,0,231730,20.7,70.8,59,82.6,59,86.9,71.3,63.8,77.9,92.6,74.8,30.8,55.5,86.9,71.3,63.8,61.4,90.5,81.7,92.6,4.1,57.6,74.8,8.4,87.5,85.8,99.2,74.6,42.6,90.7,42.6,61.4,84.1,71.2,100,0,81.1,100,100,83.3,100,47.7,77.3,99.8,100,78,18,75,14,87,34.8,263.4,0.3,1.04195e+08,65.5,65.5,0,0.9,0.4,7.1,100,0,0.1894,0.004,0,10.6,0,7.1,17,2.4,0.8,204
"GIN","Guinea","Sub-Saharan Africa","Western Africa",9402.1,2107.9,0,245860,1.7,51.3,31.3,71.4,31.3,83.4,60.1,32.4,82.8,81.8,40.5,9.6,34.5,83.4,60.1,32.4,88.5,78,81.7,81.8,4.1,15.1,40.5,0,57.4,57.5,99.4,67.3,20.1,42.7,NA,88.5,53.8,8.5,50,0,56.1,100,100,100,100,58.6,50,94.5,99.6,51.3,18,50,33,95,70.6,786.3,0.3,1.33979e+08,52,NA,0,1,0.3,0.9,50,0,0.4392,0.0012,0,0,0,5.6,11,5.1,0.9,451.8
"GNB","Guinea-Bissau","Sub-Saharan Africa","Western Africa",1586.3,744.8,0,34105.8,2.6,49.7,36.7,62.8,36.7,99.2,60.1,46.5,83.5,58.7,40.5,27.2,38.4,99.2,60.1,46.5,91.4,82,77,58.7,24,30.4,40.5,0,51.1,89.8,99.4,98.9,20.1,99.8,NA,91.4,100,39.4,NA,0,64,100,100,100,100,80.2,4.5,55,90.9,30.1,35,59,33,95,78.1,188.7,0.3,4.34326e+06,52,NA,0,1,0.5,3.9,NA,0,0.3596,0.0122,0,0,0,2.7,1,25.6,1.5,648.6
"GRC","Greece","Europe","Western Europe",11119.9,21674.6,0,131891,9.6,80.2,97.2,63.1,97.2,92.3,86.4,9.6,85.4,62.5,99.1,100,90.7,92.3,86.4,9.6,100,79.7,76.4,62.5,100,100,99.1,94.7,82.2,99.8,84.8,99.9,77.7,100,77.7,100,18.9,4.8,NA,5,59.9,99.5,98.2,85.1,22.8,80.5,95.5,82.3,89,16.3,100,100,0.5,5,41.1,4.2,6.4,593311,86.6,86.6,4.5,1,0.1,0.5,NA,0.5,0.401,-0.0001,1.5,9.4,36,2.6,21,11.4,1.6,776
"GTM","Guatemala","Latin America and Caribbe","Meso America",12599.1,4150.2,0,108523,29,76.7,78.2,75.1,78.2,98.5,85.1,36.4,79.3,80.2,83.8,87.6,57.6,98.5,85.1,36.4,71.9,88.9,77.2,80.2,83.6,91.5,83.8,34.5,60.1,98.9,98,98.9,70.1,81,70.1,71.9,76.1,66.4,0,3,77.8,100,100,90.7,100,95.1,0,93.4,88.5,58.6,86,95,9,62.2,67.5,19.5,0.8,4.52702e+06,82,82,0,0.9,0.4,6.6,0,0.3,0.2222,0.0011,0,5.9,0,0.7,0,5.7,1.6,384
"GUY","Guyana","Latin America and Caribbe","South America",751.2,4203.6,0,210632,0.6,64.8,75.3,54.4,75.3,99.6,74.8,55.5,77.2,36.5,82,68,69.2,99.6,74.8,55.5,100,50,81.6,36.5,64.9,71.1,82,37.9,85.2,100,99.2,100,49.6,65.4,NA,100,99.9,49.5,NA,0,0,100,100,99.2,100,99.9,9.1,0,79,30.5,70,83,10,59,37.6,0,0.3,0,69.7,NA,0,1,0.5,5,NA,0,1,0.001,0,0.5,0,0,2,54.1,2.3,644.8
"HND","Honduras","Latin America and Caribbe","Meso America",7204.7,3170.3,0,112078,10,75.4,77.2,73.6,77.2,99.6,77.3,47.1,76.5,76.9,85.6,70.8,66.9,99.6,77.3,47.1,53.6,95.6,80.2,76.9,63.7,77.9,85.6,40,77.2,100,99.2,100,57.1,92.2,NA,53.6,72.7,69.5,39.3,7,91.3,100,100,97.9,100,98.7,4.5,98.4,76.6,55.7,69,87,8,57,47.1,0.2,0.3,7389.7,74.2,NA,2.3,0.9,0.4,6.9,39.3,0.7,0.0871,0.0011,0,1.3,0,0.2,1,3.1,2.5,411
"HRV","Croatia","Europe","Central Europe",4551.3,12164,0,56405.7,13.4,84.6,96.6,72.7,96.6,97.2,92,14.1,89.5,76.9,99.6,100,87.2,97.2,92,14.1,100,80.5,87.9,76.9,100,100,99.6,77.9,90.7,98.8,94.7,99.7,84.1,59.7,84.1,100,19.7,7.7,NA,15,61,100,100,69.9,100,78.5,90.9,90.8,73.6,66.5,100,100,0.2,21,31.1,21.8,2.2,1.13153e+06,90.4,90.4,0,1,0.1,0.8,NA,1.5,0.3897,0.0058,0,19.1,0,2.9,20,7,2.7,311
"HTI","Haiti","Latin America and Caribbe","Caribbean",8527.8,1479.3,0,27229.7,95.3,60.7,50.1,71.3,50.1,99.8,78.9,6.2,76.7,84.1,63.9,20,52.4,99.8,78.9,6.2,86.4,72.9,70.8,84.1,18.1,21.9,63.9,0,81.1,100,99.6,100,59.4,100,NA,86.4,5.5,0.5,18.8,0,72.9,NA,100,55.7,100,98.5,0,100,85.4,66.9,30,54,20,95,42.5,0,0.2,0,75.6,NA,1.6,1,0,0.1,18.8,0,0.2715,NA,0,28,0,0.2,0,1.3,1.9,307
"HUN","Hungary","Central and Eastern Europ","Central Europe",10097.7,16927.9,1,92046.4,22.6,84.2,98.4,70.1,98.4,90.4,79.6,10.5,82.5,79.4,99.6,96.2,97.9,90.4,79.6,10.5,100,NA,65.1,79.4,94.2,98.3,99.6,94.7,100,100,80.8,100,86.3,100,86.3,100,12.1,8.9,NA,100,NA,NA,100,35.7,54.8,39.4,95.5,88.7,86.1,63.5,95,99,0.2,5,17.9,0,8.1,388.3,91.8,91.8,24.5,1,0.1,0.9,NA,10,NA,NA,0,40.7,21.1,8.2,21,8.1,1.8,339
"IDN","Indonesia","East Asia and the Pacific","South East Asia",222782,3570.1,0,1.89781e+06,16.4,66.2,69.5,62.9,69.5,96.1,86.4,50.3,50.9,59.8,91,54.2,41.9,96.1,86.4,50.3,0,70.4,82.3,59.8,47.4,61,91,24,30.9,99.8,97.3,95,73.1,53.5,73.1,0,73.1,99.2,19,10,40.8,100,100,82.8,42.7,99.6,86.4,90.5,72.1,16.9,55,77,5,72.2,102.1,4.6,1.1,2.0593e+07,83.8,83.8,0.2,0.7,0.4,9.9,19,1,0.5918,0.0007,0,10.9,26.7,0,19,7.2,2.8,771
"IND","India","South Asia","South Asia",1.10337e+06,3307.9,0,3.2081e+06,76.5,60.3,62.6,58,62.6,88,65.4,21.2,77.7,57.9,76.6,48.9,48.2,88,65.4,21.2,100,77.2,55.8,57.9,21.6,76.2,76.6,13.9,56.6,99.8,93.9,82,67.7,84.7,67.7,100,15,16.6,43.8,5,71.9,82.6,80.3,20.1,71.9,92.9,13.6,100,73.8,0,33,86,13,81.8,71.6,3.9,2.6,7.38907e+07,80.6,80.6,33.5,1,0.1,1.7,43.8,0.5,0.2809,-0.0034,16.7,50.6,13.1,1,3,2.2,2.6,943
"IRL","Ireland","Europe","Western Europe",4147.9,36237.9,0,69474,6,82.7,99.4,66.1,99.4,98.6,82.8,8.8,83.8,69.7,99.8,100,97.9,98.6,82.8,8.8,100,68.7,82.6,69.7,100,100,99.8,94.7,100,100,97.2,100,65.5,47.5,65.5,100,24,2.5,NA,0,39,98.5,100,95.4,22.8,99.5,95.5,74.3,97.8,37,100,100,0.1,5,18.7,0.7,1.2,29340.2,79.3,79.3,0,1.1,0.1,0.2,NA,0,0.6099,-0.0003,0,2.9,36,0.1,21,15.6,1,584
"IRN","Iran","Middle East and North Africa","South Asia",69515.2,7405.2,0,1.59035e+06,8.6,76.9,88.9,64.8,88.9,98.8,61.7,44.3,81.6,63.4,92.8,85,85.2,98.8,61.7,44.3,100,53.7,91,63.4,80.1,89.8,92.8,94.7,68.2,100,97.6,99.9,51.3,38.3,51.3,100,95.1,41.4,0,12,14.7,92.8,89.4,79.1,100,95.4,90.9,87.3,60.7,42.4,83,94,4,5,57.8,0.4,1,544369,70.7,70.7,25.3,1,0.5,4.1,0,1.2,0.8533,-0.0014,9,13.2,0,0.6,20,8.8,3.5,534
"IRQ","Iraq","Middle East and North Africa","Mashriq",28807.2,1900,0,426754,8.7,53.9,67.1,40.8,67.1,98.8,46.3,1.6,55.6,40.6,69.4,71.6,58.1,98.8,46.3,1.6,100,0,66.9,40.6,75.4,67.7,69.4,94.7,0.5,100,97.7,100,21.3,99.2,21.3,100,2.8,0.4,NA,0,0,NA,70.2,65.9,100,98.3,0,97.3,0,24.4,79,81,17,5,138.3,0.3,1,122975,52.7,52.7,26,1,0,0,NA,0,1,NA,25.4,21.6,0,0.2,0,3.6,10.5,701
"ISL","Iceland","Europe","Western Europe",294.6,33609.9,0,91116.4,0.8,87.6,99.3,75.8,99.3,96,63.7,62.3,73.4,82.3,99.6,100,97.9,96,63.7,62.3,100,46.8,NA,82.3,100,100,99.6,94.7,100,100,92,100,28.5,84.6,28.5,100,100,82.9,NA,4,46.5,47.1,NA,NA,0,97.6,90.9,79.5,67.4,99.9,100,100,0.2,5,18.1,0,3.4,0,57,57,0.9,1.1,0.5,8.3,NA,0.4,0.5349,-0.0103,NA,NA,69,0.3,20,12.9,3.1,1
"ISR","Israel","Middle East and North Africa","Western Europe",6724.6,23020.1,0,21878.1,32.4,79.6,97.9,61.3,97.9,75.2,42.4,62.7,76.6,60.5,99.8,100,92,75.2,42.4,62.7,100,83.3,46.5,60.5,100,100,99.8,94.7,85.3,100,50.3,100,67.8,59.1,67.8,100,72.9,64.9,100,13,83.3,NA,77.5,53.6,0.5,96.3,4.5,85.2,79,17.3,100,100,0.1,5,37.5,0,21,0,80.7,80.7,75.3,1,0.4,6.5,100,1.3,0.1671,NA,19.1,29.4,46.4,0.5,1,9.9,2.3,767
"ITA","Italy","Europe","Western Europe",58092.7,26495.7,0,299286,43.6,84.2,98.6,69.8,98.6,87.7,86.7,16.5,84.7,74.5,99.8,100,94.9,87.7,86.7,16.5,100,80.1,73.9,74.5,100,100,99.8,94.7,94,96.9,87.7,87.8,92.8,100,92.8,100,39.3,17.6,0,9,75.1,85.1,100,65.3,22.8,85.7,95.5,84.9,82.3,56.3,100,100,0.1,5,27.1,57.7,5.2,4.99979e+07,95.7,95.7,17.7,1.1,0.2,1.8,0,0.9,0.2489,-0.0029,0,21.9,36,2,21,10.1,2.1,405
"JAM","Jamaica","Latin America and Caribbe","Caribbean",2650.7,3907.4,0,11060.2,86.2,79.1,87.2,71,87.2,86.9,79.7,35,96.2,70,96.4,82.4,73.6,86.9,79.7,35,100,92.3,NA,70,76.6,88.1,96.4,52.6,81.3,100,73.8,100,59.4,97.5,NA,100,66.4,28.6,40,5,92.3,NA,NA,83.9,100,NA,90.9,94.7,92.1,23.1,80,93,2,45,42.2,0,11,0,75.6,NA,0,1,0.3,2.9,40,0.5,0.0765,NA,NA,10.2,0,NA,20,5,1.4,713
"JOR","Jordan","Middle East and North Africa","Mashriq",5702.8,5176,0,88361.8,6.1,76.5,91.7,61.4,91.7,95.6,14.6,88.7,69.8,61.4,92.8,93.4,87.7,95.6,14.6,88.7,100,49.4,60.2,61.4,91.8,94.9,92.8,94.7,74.5,100,91.2,100,11.9,95.1,11.9,100,100,77.3,NA,100,1.3,97.4,38,62.6,0.5,99.8,100,96.2,59.1,28.8,93,97,4,5,50.3,0,3.7,0,47.1,47.1,75,1,0.5,7.7,NA,10,0.9872,-0.0005,52.7,23.7,46.4,0,22,4.2,3.6,660
"JPN","Japan","East Asia and the Pacific","Northeast Asia",128085,27991.9,0,371705,44.2,84.5,98.3,70.8,98.3,83.7,86.3,37.3,85.7,70.5,99.6,100,93.8,83.7,86.3,37.3,100,78.4,78.7,70.5,100,100,99.6,94.7,90.6,98.3,83.1,84.3,78.7,100,78.7,100,93.8,25.6,27.8,2,75.3,81.6,100,97.4,0,96.2,100,83.1,74.6,53.8,100,100,0.2,5,31.2,31.7,7.1,6.43177e+07,87.2,87.2,5.6,1.1,0.5,2.6,27.8,0.2,0.2474,-0.0036,0,1.7,56,0.5,22,11,2.6,429
"KAZ","Kazakhstan","Central and Eastern Europ","Central Asia",14825.1,7652.2,1,2.61935e+06,0.5,65,91.5,38.4,91.5,95.8,60.3,22.9,87,16.1,98.2,71.7,97.9,95.8,60.3,22.9,100,NA,74.1,16.1,67.3,76.2,98.2,94.7,100,100,91.5,100,42.8,100,NA,100,24.6,21.3,NA,100,NA,NA,82.9,86.2,100,55.9,45.5,48.4,0,0,72,86,1,5,18.8,0.1,3.6,35074.5,65.6,NA,20.1,1,0.1,2.1,NA,10,NA,NA,14.6,8.7,0,6,10,29,8.3,1137
"KEN","Kenya","Sub-Saharan Africa","Eastern Africa",34255.7,1137.4,0,579617,12.2,69,54.5,83.5,54.5,99.7,70.5,89,83.9,84.1,58.5,33.6,67.4,99.7,70.5,89,90.4,84.1,77,84.1,33.3,33.8,58.5,34.1,84.3,100,99.4,100,56.4,65.2,56.4,90.4,100,82.8,100,12,91.3,76.9,95.3,97.9,92.3,81.4,18.2,100,85.3,66.9,43,61,23,62.6,38.7,0.1,0.3,72537.7,73.8,73.8,13.9,1,0.5,8.3,100,1.2,0.0869,-0.0045,4,1.3,3.6,2.5,4,1.8,1.9,307
"KGZ","Kyrgyzstan","Central and Eastern Europ","Central Asia",5263.8,1749.3,1,185317,2.5,69.6,76.2,63,76.2,99.7,60.1,26.1,95.8,61.5,91,56.5,66.4,99.7,60.1,26.1,100,NA,91.6,61.5,52,61,91,20,96.3,99.5,99.5,99.8,42.8,71.4,NA,100,56.4,21.9,0,100,NA,NA,87.3,100,100,88.8,81.8,93.5,0,91.2,59,77,5,76,24.4,9.5,0.2,766225,65.6,NA,20.5,1.1,0.3,2.2,0,10,NA,NA,10.8,0,0,1.5,18,5.6,8.1,82
"KHM","Cambodia","East Asia and the Pacific","South East Asia",14071,2628.8,0,179559,21.6,53.8,39.1,68.5,39.1,98.8,73.7,85.4,44.4,66,54.9,1.5,45,98.8,73.7,85.4,56.1,0,77,66,2.9,0,54.9,0,63.3,98.5,99.5,98.2,47.4,54.1,47.4,56.1,100,100,NA,9,0,NA,100,88.3,100,87.8,9.1,97.9,100,0,17,41,25,95,63.6,27.6,0.2,7.37095e+06,68.4,68.4,0,0.9,0.5,10,NA,0.9,1,NA,0,7.4,0,1.7,2,3.3,0.1,1206
"KOR","South Korea","East Asia and the Pacific","Northeast Asia",47816.9,20571.6,0,98977.4,61.9,79.4,95.6,63.1,95.6,45,84.1,11.9,71,71.5,99.1,93.2,91.2,45,84.1,11.9,100,46.6,66.5,71.5,100,86.4,99.1,94.7,84.7,97,0,90,78.9,72,78.9,100,17.2,12.6,NA,6,19.9,73.3,100,93.3,0,70.8,68.2,82.7,76.9,54.9,100,92,0.5,5,38.2,56,43.3,4.10598e+07,87.3,87.3,9.7,1.2,0.1,1.3,NA,0.6,0.8008,-0.0052,0,4.2,63,4,15,11.2,2.4,418
"KWT","Kuwait","Middle East and North Africa","Arabian Peninsula",2686.9,23416.4,0,17259.5,8.3,64.5,92,37.1,92,79.3,0,27.6,64.5,38.6,99.8,100,68.3,79.3,0,27.6,100,29,NA,38.6,100,100,99.8,94.7,26,100,58.5,100,0,98,NA,100,73.7,0,NA,6,0,57.9,0,100,100,NA,95.5,46.1,56.8,13,100,100,0.1,5,107.9,0,17.5,0,39.9,NA,90.6,1.2,0.4,0,NA,0.6,1,-0.0082,85,0,0,NA,21,30.1,3.8,807
"LAO","Laos","East Asia and the Pacific","South East Asia",5924.1,2012.9,1,230231,2.2,66.3,39.8,92.8,39.8,90,90.2,97.1,93.4,92.4,49.5,17.5,42.7,90,90.2,97.1,89.7,NA,97.1,92.4,18.1,16.8,49.5,0,77,59.5,99.4,80.6,80.5,0,80.5,89.7,100,94.2,NA,100,NA,NA,100,99.6,100,99.7,86.4,84.2,96.8,96.2,30,51,28,95,47.4,749.5,0.2,7.95878e+07,88.3,88.3,0,1,0.5,9.4,NA,10,NA,NA,0,0.3,0,0,19,10.4,1.1,35.5
"LBN","Lebanon","Middle East and North Africa","Mashriq",3576.8,4876.2,0,10327.8,63.1,70.3,95.5,45,95.5,87.8,44.5,1,90,40.7,96.4,98.8,90.5,87.8,44.5,1,100,78,92,40.7,97.7,100,96.4,94.7,81.6,100,75.5,100,0,97.2,NA,100,2.9,0,NA,0,91,65.1,98.9,77,100,93.3,90.9,93.9,0,28.1,98,100,2,5,41.8,0,10.3,0,39.9,NA,10,1.1,0,0,NA,0,0.0901,-0.0068,0.9,14.5,0,0.9,20,5.4,8.1,667
"LKA","Sri Lanka","South Asia","South Asia",20742.9,4391.4,0,65830,68.3,79.5,78.8,80.3,78.8,98.1,79.7,62.6,75,85.6,97.3,76.9,43.5,98.1,79.7,62.6,51.5,82.3,91.2,85.6,89.5,64.3,97.3,29.4,29.5,100,96.1,100,77.6,100,77.6,51.5,97.6,50.8,100,2,79.9,84.6,95.1,79.5,100,99.6,81.8,100,99.7,57.1,91,79,1.5,67.1,103.8,0,1.6,0,86.5,86.5,16.5,0.9,0.5,5.1,100,0.2,0.2008,-0.003,4.2,13,0,0.1,18,1.9,0.9,398
"LTU","Lithuania","Europe","Central Europe",3431,14020.4,0,64995.1,2.4,86.2,95.1,77.4,95.1,98.4,95.1,11,81.2,88.7,98.2,86,97.9,98.4,95.1,11,100,64.1,79.4,88.7,83.9,88.1,98.2,94.7,100,100,96.7,100,96.2,100,96.2,100,13,7.3,NA,26,50.3,77.9,100,43.9,54.8,98.2,100,91.7,88.4,86,86.2,93,1,5,10.1,0,1.4,0,97.7,97.7,5.4,1.1,0.1,0.7,NA,2.6,0.4967,-0.0043,0,35.5,21.1,0.2,22,6.5,1.6,130
"LUX","Luxembourg","Europe","Western Europe",464.9,59852.5,1,2587.12,40.9,83.1,99.3,66.9,99.3,91.1,71.1,56.7,91.1,59,99.6,100,97.8,91.1,71.1,56.7,100,NA,82.1,59,100,100,99.6,94.7,100,99.4,82.3,100,42.3,85.3,42.3,100,66.9,46.5,NA,100,NA,NA,100,100,22.8,92.4,95.5,54.3,57.9,64.6,100,100,0.2,5,17.5,10.6,7.5,64060.2,65.3,65.3,0,1,0.3,4.7,NA,10,NA,NA,0,0,36,1,21,25.9,3.7,328
"LVA","Latvia","Europe","Central Europe",2307,13724.5,0,64195.7,4,88.8,95.2,82.4,95.2,99.5,98,42.4,86,86.9,99.5,86.3,95.7,99.5,98,42.4,100,75,83,86.9,74.3,98.3,99.5,89.3,100,100,99,100,96,78.8,96,100,61.3,42.1,NA,1,85,65.1,100,71.9,49.5,98,95.5,93.4,84.8,82.5,78,99,0.3,10.2,15.9,0,0.4,0,97.6,97.6,0,1.1,0.3,4.2,NA,0.1,0.1501,-0.0068,0,17.8,23.6,0.3,21,5.7,1.9,162
"MAR","Morocco","Middle East and North Africa","Northern Africa",31478.5,4346.4,0,403759,12,72.1,85.2,59,85.2,99.2,44.7,15.4,78.6,66.5,87.4,68.1,97.8,99.2,44.7,15.4,100,71.1,64.7,66.5,68.4,67.7,87.4,94.5,100,100,98.5,100,41.9,100,41.9,100,30.4,9.9,NA,2,55.1,87.2,36.3,7.2,100,93.7,86.4,99.4,83.9,16.1,73,81,7,5.2,19.8,0,0.6,0,65.1,65.1,47.6,1.1,0.2,1,NA,0.2,0.4492,-0.0025,54.2,58.7,0,0.9,19,2.5,2,778
"MDA","Moldova","Central and Eastern Europ","Eastern Europe",4205.7,2151,1,34013.1,18.4,70.7,85,56.4,85,99.5,35.7,2.4,79.2,67.8,99.3,74.5,67.1,99.5,35.7,2.4,100,NA,58.5,67.8,62.6,86.4,99.3,33.7,84.1,100,99.1,100,31.7,73.3,NA,100,3,1.7,NA,100,NA,NA,97,0,100,0,95.5,98.6,60.3,44.4,68,92,0.4,63,38.9,0,0.4,0,58.9,NA,54.7,1.1,0,0.2,NA,10,NA,NA,2.6,80.9,0,13.7,21,3,3.6,516
"MDG","Madagascar","Sub-Saharan Africa","Western Indian Ocean",18605.9,840.2,0,592965,3.7,54.6,37.6,71.6,37.6,99.8,58.1,35.2,84.6,79.8,40.5,17.8,51.5,99.8,58.1,35.2,93.7,72.1,88.1,79.8,20.5,15.1,40.5,0,78.7,100,99.6,100,29.4,98,NA,93.7,54.5,25.1,59.4,2,72.1,NA,97.8,99.7,98.6,71.6,72.7,98.2,93.7,47.5,32,50,33,95,45.4,0,0.2,0,57.5,NA,11.9,1,0.3,2.5,59.4,0.2,0.279,NA,1.9,0.2,0.7,3.9,16,3.2,1.3,486.8
"MEX","Mexico","Latin America and Caribbe","Meso America",107029,9967.3,0,1.94306e+06,8.7,79.8,91.3,68.3,91.3,88.7,58.5,41.8,87.4,71.5,96.4,85.2,87.1,88.7,58.5,41.8,95.1,89.6,77.6,71.5,75.4,94.9,96.4,85.1,83.7,98,94.7,82.8,51.7,39.5,51.7,95.1,76.9,48.1,31,11,79.2,100,78.4,84.7,63.6,79.7,81.8,91.1,78.9,44.5,79,97,2,14.2,39.3,36.7,2.2,7.0597e+07,71,71,31.5,1,0.4,4.8,31,1.1,0.2079,0.0024,18.4,9.7,17,2.8,18,6.9,2.3,515
"MKD","Macedonia","Central and Eastern Europ","Central Europe",2034.1,6579.7,1,24697.1,20.2,75.1,86.1,64.1,86.1,96.1,69.7,15.8,91.2,65.5,92.8,71.7,87.2,96.1,69.7,15.8,100,NA,82.5,65.5,68.6,74.8,92.8,68.4,99.7,100,92.2,100,39.4,17.2,39.4,100,20.2,11.4,NA,100,NA,NA,100,100,100,67,45.5,94.3,71.6,30.5,73.2,85.1,4,30,20.4,0,3.3,0,63.6,63.6,0,1,0.1,1.1,NA,10,NA,NA,0,0,0,4.5,10,5.2,2.8,645
"MLI","Mali","Sub-Saharan Africa","Western Africa",13518.4,942,1,1.24815e+06,0.7,44.3,13.4,75.2,13.4,96.2,76.9,37.2,80.8,82.4,4.5,26,18.6,96.2,76.9,37.2,82.9,NA,78.8,82.4,36.8,15.1,4.5,0,0,93.1,99.8,92.6,68.6,100,68.6,82.9,56.5,17.9,NA,100,NA,NA,80,100,100,95.9,18.2,93.7,100,53.4,46,50,53,95,165.2,127,0.1,3.02187e+07,81.1,81.1,13.5,1,0.3,1.8,NA,10,NA,NA,17,0,0,0.6,4,5.5,0.8,432.1
"MMR","Myanmar","East Asia and the Pacific","South East Asia",50519.5,1800,0,669707,23.1,65.1,63.9,66.3,63.9,81.4,83.5,24.5,61.2,73.8,73,67.9,41.9,81.4,83.5,24.5,88.9,0,94.6,73.8,73.1,62.6,73,0,58.9,91.4,99.5,63.2,69.2,88,NA,88.9,29.3,45.6,16.7,2,0,NA,96.1,99.6,100,95.3,81.8,93.2,67.5,60.7,77,78,15,95,68.8,160,0.2,1.50877e+08,81.5,NA,1.9,1,0.1,4.6,16.7,0.2,1,NA,3.3,0.2,0,0.6,18,5.8,3.1,365
"MNG","Mongolia","East Asia and the Pacific","Northeast Asia",2646.5,2034,1,1.5463e+06,0.3,68.1,66.6,69.6,66.6,98.5,66.1,88,85.7,57.5,80.2,43.8,62.2,98.5,66.1,88,83,NA,88.4,57.5,52,35.5,80.2,46.3,59.2,100,97,100,44.6,96.9,44.6,83,100,76.1,NA,100,NA,NA,77.7,99.8,100,87.4,77.3,75.9,54,42.5,59,62,11,51,68.4,0,1.3,0,66.7,66.7,11.3,1,0.5,7.6,NA,10,NA,NA,19,0.2,0,1.7,17,14.7,4,533
"MOZ","Mozambique","Sub-Saharan Africa","Southern Africa",19792.3,1162.4,0,777123,2.2,53.9,25.5,82.4,25.5,98.3,57.3,55.4,71.2,99.8,15.3,11.8,59.6,98.3,57.3,55.4,94.4,55.4,63.8,99.8,20.5,3.2,15.3,15.8,84,98.3,99.4,97.2,29.4,86.6,NA,94.4,99.8,92.8,0,20,72.3,38.4,98.3,99.9,100,16.4,4.5,99.4,100,99.9,32,43,47,80,39.1,31.9,0.2,1.1555e+07,57.5,NA,13.4,1,0.5,9.3,0,2,0.2769,-0.012,1.5,0.1,0,11.4,1,2.5,0.4,1
"MRT","Mauritania","Sub-Saharan Africa","Western Africa",3068.7,2160.6,0,1.0369e+06,0.2,44.2,33.2,55.2,33.2,99.8,51.3,34.6,58.8,57,31.5,21.5,48.3,99.8,51.3,34.6,30.9,76.3,69.2,57,22.8,20.2,31.5,40.7,30,100,99.6,100,20.1,71.9,NA,30.9,64,4.3,NA,40,68.1,84.6,32.5,100,100,99.7,13.6,59.4,80.5,31.1,34,53,38,56.3,103.3,0,0.2,0,52,NA,15.8,0.8,0.3,0.4,NA,4,0.3194,-0.003,57.4,0,0,0,3,23.3,2.2,639.6
"MUS","Mauritius","Sub-Saharan Africa","Western Indian Ocean",1244.7,11622.1,0,1993.16,82.3,78.1,97.7,58.5,97.7,94.4,64.7,21.9,93.4,53.5,98.2,96.5,97.9,94.4,64.7,21.9,87.4,99.5,NA,53.5,93,100,98.2,94.7,100,100,88.8,100,29.4,76.5,NA,87.4,12.6,0,75,0,99.1,100,NA,NA,100,NA,95.5,36.8,91.1,32.6,94,100,1,5,16,0,4.7,0,57.5,NA,0,1,0.1,0,75,0,0.0094,0.0128,NA,NA,0,NA,21,35,1.5,625
"MWI","Malawi","Sub-Saharan Africa","Southern Africa",12883.9,631.5,1,94968.4,40.5,59.9,34,85.8,34,99.6,57,90.1,76.8,94.5,15.3,54.3,51.1,99.6,57,90.1,79.8,NA,73.9,94.5,54.4,54.2,15.3,0,77.7,100,99.3,100,29.4,89.3,NA,79.8,91.7,78.6,100,100,NA,NA,99.6,97.5,100,72.3,0,97.8,96.1,89.6,61,73,47,95,46.5,0.8,0.3,185559,57.5,NA,13.9,1,0.5,7.9,100,10,NA,NA,0.3,1.6,0,3.8,0,3.4,1.1,96.1
"MYS","Malaysia","East Asia and the Pacific","South East Asia",25347.4,10091,0,330799,11.8,84,96.7,71.2,96.7,97.9,84.4,68.3,83.2,61.9,98.2,95.6,94.9,97.9,84.4,68.3,100,52.8,96.8,61.9,93,98.3,98.2,94.7,92.5,100,95.9,99.9,69.6,74,69.6,100,99.4,97.3,66.7,10,5.7,100,100,97.1,96,99.9,90.9,73.7,72,40,94,99,1,5,28.9,0.9,1.7,380622,81.7,81.7,0.7,1,0.5,9.7,66.7,1,0.9434,0.0012,0,1.8,1.9,0,20,15.8,2.8,557
"NAM","Namibia","Sub-Saharan Africa","Southern Africa",2031.3,7037.8,0,819961,0.1,70.6,60.9,80.4,60.9,85.7,36,73.4,76.1,96.5,76.6,45.1,45.2,85.7,36,73.4,79.6,77.4,71.3,96.5,12.3,77.9,76.6,32.1,81,0,98.7,72.7,29.4,100,NA,79.6,100,97.8,NA,0,54.8,100,48.7,100,100,94.3,13.6,92.4,100,97.2,25,87,13,64.5,42.6,3228,0.6,1.11888e+08,57.5,NA,52,1,0.5,9.8,NA,0,0.4523,0.0217,43.6,0,0,0.8,3,6.2,0.6,26
"NER","Niger","Sub-Saharan Africa","Western Africa",13957,700.3,1,1.15723e+06,2,39.1,6,72.1,6,99.7,44.9,83,74.1,73.6,0,4.2,19.9,99.7,44.9,83,82.3,NA,65.9,73.6,0,8.3,0,0,0,99.6,99.8,99.6,21.4,100,21.4,82.3,99.7,66.3,NA,100,NA,NA,34.5,36.1,100,99.8,59.1,94.2,96.5,30.1,13,46,65,95,144.2,7.5,0.1,1.6536e+06,52.8,52.8,28.7,1,0.5,6.6,NA,10,NA,NA,55.7,40.4,0,0,13,5.2,1.1,648.6
"NGA","Nigeria","Sub-Saharan Africa","Western Africa",131530,1008.1,0,904235,34.3,56.2,40.6,71.7,40.6,65.1,57.5,59.8,53.9,85.5,42.3,23.1,54.7,65.1,57.5,59.8,38.8,51.5,71.4,85.5,34.5,11.7,42.3,29.5,60.5,93.8,97.9,32.3,20.1,86.9,NA,38.8,52.9,41,100,0,52.2,50.7,94.1,57,100,92.2,13.6,100,100,56.6,44,48,32,67,67,115.5,0.9,2.77605e+08,52,NA,4.7,0.9,0.3,4.1,100,0,0.4778,-0.0096,5,27.2,0,1.1,3,2.1,0.6,403
"NIC","Nicaragua","Latin America and Caribbe","Meso America",5486.7,3538.9,0,118789,8,73.4,72.9,74,72.9,99.4,78.5,44.8,83.6,75.9,85.6,51.2,69.2,99.4,78.5,44.8,72.2,96,82.7,75.9,38,64.3,85.6,32.2,90.8,100,98.9,100,57.1,73,NA,72.2,70.6,62.9,NA,1,91.9,100,100,92.2,100,98.6,22.7,94.5,91.2,41.9,47,79,8,64.4,31,0,0.5,0,74.2,NA,0,0.9,0.4,6.3,NA,0.1,0.0805,0.0124,0,4.9,0,0.2,5,5.1,1.5,539
"NLD","Netherlands","Europe","Western Europe",16299.2,31306,0,35043.8,84.7,78.7,98.1,59.4,98.1,66.3,68.8,9.1,75.5,66.1,99.6,100,93.1,66.3,68.8,9.1,100,47.2,79.3,66.1,100,100,99.6,94.7,88.1,99.7,32.8,99.7,64.2,97.2,64.2,100,19.7,3.7,NA,4,0,94.4,100,85.1,22.8,92.9,95.5,78.1,61.9,58.3,100,100,0.2,5,34.1,5.4,28.4,1.11629e+06,78.5,78.5,24.1,1.1,0.1,0.4,NA,0.4,1,-0.0011,0,9.4,36,1,21,13.6,3.5,387
"NOR","Norway","Europe","Western Europe",4620.3,37667.3,0,318524,2.1,93.1,99.3,86.9,99.3,93.4,95.6,61.2,82.6,92.7,99.6,100,97.9,93.4,95.6,61.2,100,70.9,77.1,92.7,100,100,99.6,94.7,100,100,86.8,100,91.2,100,91.2,100,81.3,59.3,NA,43,48.9,92.8,100,86.2,0,99.2,100,79.9,98.9,99.4,100,100,0.2,5,11.5,0.7,5.6,28283.1,94.7,94.7,0,1.1,0.4,5.9,NA,4.3,0.511,-0.0014,0,8.7,68,0.1,22,12.6,0.9,6
"NPL","Nepal","South Asia","South Asia",27132.6,1379.1,1,139103,62.1,72.1,60.2,84,60.2,99.2,76.4,45,78.2,98.1,63.9,53.5,59.6,99.2,76.4,45,70.3,NA,86.1,98.1,24,83,63.9,14.7,84.3,99.9,98.5,99.8,53.9,100,NA,70.3,40.6,49.3,NA,100,NA,NA,100,87.5,100,83.7,59.1,97.2,97.3,99.9,35,90,20,81,38.7,1.6,0.6,654935,72.3,NA,0.9,0.9,0.2,4.9,NA,10,NA,NA,0,7.9,0,2.2,13,3.7,1,1
"NZL","New Zealand","East Asia and the Pacific","Australia + New Zealand",4028.4,23109.3,0,265334,2.2,88.9,99,78.8,99,98,98.9,61.9,94.6,71.1,99.1,100,97.9,98,98.9,61.9,100,86.3,97.5,71.1,100,100,99.1,94.7,100,100,96.1,100,99,100,99,100,82.3,84.9,78.6,2,72.7,100,100,97.4,93.6,96.5,100,60.3,82.7,70.4,100,100,0.5,5,15.5,0,1.7,0,99.4,99.4,1.2,1,0.4,8.5,78.6,0.2,0.2731,0.0253,0,1.7,3,0.5,22,22.8,2,275
"OMN","Oman","Middle East and North Africa","Arabian Peninsula",2567,13886.7,0,304190,1,70.3,84.6,55.9,84.6,98.1,29.3,46.1,86,53.6,98.2,77.7,64.4,98.1,29.3,46.1,100,84.5,73.4,53.6,86,69.4,98.2,94.7,16.3,100,96.1,100,0,77.4,NA,100,91.8,91.8,0,1,69,100,64.6,93.1,100,95.8,13.6,76.6,76.4,7.8,88,82,1,5,119.5,0,1.6,0,39.9,NA,37.5,1,0.5,9.2,0,0.1,0.3104,0.0024,30.1,4.4,0,0.6,3,14.4,2.5,855
"PAK","Pakistan","South Asia","South Asia",157935,2206.3,0,785320,48.7,58.7,54.6,62.7,54.6,97.7,52.2,44,64.6,67.4,60.3,68.4,29.5,97.7,52.2,44,46,78.5,69.3,67.4,52,84.7,60.3,14.7,9.1,99.8,97.6,97.9,41.2,97.5,41.2,46,95.6,46.7,0,9,67.8,89.2,94.4,45.8,100,97.2,9.1,100,43.1,59,59,91,22,81,128,4.1,1,8.46142e+06,64.7,64.7,33.4,0.9,0.5,4.7,0,0.9,0.3222,-0.0021,4.7,34.3,0,0.4,2,2.3,4.7,380
"PAN","Panama","Latin America and Caribbe","Meso America",3231.5,7234.1,0,74515.2,8.1,83.1,86.4,79.8,86.4,98,86.5,64.2,88.6,78,94.6,75.7,80.5,98,86.5,64.2,75.3,91.5,99.1,78,68.4,83,94.6,65.3,86.1,99.8,96.1,100,75.7,100,75.7,75.3,93.9,93.1,50,20,82.9,100,100,100,100,99.9,95.5,89.7,74,70.1,73,90,3,33,36.6,2.9,1.6,144498,85.4,85.4,2.6,0.9,0.5,9.3,50,2,0.1708,0.0029,0,0,0,0,21,7.6,2.6,277
"PER","Peru","Latin America and Caribbe","South America",27968.2,5725.1,0,1.28826e+06,2.1,78.1,78.3,77.9,78.3,96.9,57.7,58.1,80.6,87.1,89.2,63.9,70.9,96.9,57.7,58.1,100,64.2,77.6,87.1,56.7,71.1,89.2,65.1,62.3,99.6,94.8,98.9,33.8,99.5,33.8,100,98.1,79.6,32.3,2,77.1,51.3,67.5,99.8,40.2,85.1,95.5,94,88.8,78.7,63,83,6,33.2,64.8,8.2,2.2,4.42415e+06,60.2,60.2,16.7,1,0.5,8,32.3,0.2,0.2289,-0.0095,27.6,0.1,27.9,2,21,5.4,1.6,198
"PHL","Philippines","East Asia and the Pacific","South East Asia",83054.5,4730.6,0,295387,61.8,77.9,82.5,73.4,82.5,97.2,68.6,44.5,70.4,82,91,70.9,77.1,97.2,68.6,44.5,57.5,68.8,84.8,82,67.3,74.5,91,53.1,89.7,100,94.5,100,40.6,94.1,40.6,57.5,94,41.4,36.4,6,52.5,85.1,98.9,89.1,54.4,99.9,81.8,100,99.3,46.6,72,85,5,44.6,32.2,0,2.3,0,64.3,64.3,3,0.9,0.5,4.1,36.4,0.6,0.4746,-0.0029,1,6.9,21.3,0,18,2.1,0.9,495
"PNG","Papua New Guinea","East Asia and the Pacific","South Pacific",5887.1,2321.8,0,465004,0.1,64.8,58.2,71.4,58.2,99.9,49,47.1,93.7,75.9,76.6,17.3,62.2,99.9,49,47.1,89.5,97.8,NA,75.9,34.5,0,76.6,5.6,100,100,99.7,100,0,100,0,89.5,89.4,81.5,16.7,1,95.7,100,NA,100,100,99.9,4.5,88.8,93.6,45.3,44,39,13,89.7,19.3,0,0.1,0,34,34,1.8,1,0.4,8.2,16.7,0.1,0.0434,0.0014,NA,0,0,0,1,8.1,1.3,507.5
"POL","Poland","Europe","Central Europe",38529.6,13349.3,0,311195,20.5,80.5,93.6,67.4,93.6,85.5,81,48.4,82.3,62.7,98.2,86.3,91.8,85.5,81,48.4,100,62.5,84.4,62.7,84.2,88.4,98.2,94.7,84.9,100,71,99.9,68.1,98.7,68.1,100,67.5,33.3,NA,7,58.9,66.1,100,40.7,89.8,95.9,95.5,84.5,74.5,29,86.5,93.2,1,5,38,0.5,12.2,219505,80.8,80.8,5.6,1.1,0.3,3.3,NA,0.7,0.4112,-0.0066,0,37.5,4.8,0.6,21,10.3,2.6,659
"PRT","Portugal","Europe","Western Europe",10494.5,18966,0,91426.4,20.3,85.8,98.4,73.1,98.4,96.8,87.6,33.7,90.5,72.9,99.1,100,95.6,96.8,87.6,33.7,100,97.5,74.1,72.9,100,100,99.1,94.7,94.8,98.7,94.6,99.1,86.2,81.8,86.2,100,26.7,7.1,100,1,95.1,100,100,69.2,23,82.5,95.5,88.9,83.5,46.3,100,100,0.5,5,26.2,24.5,2.3,3.76916e+06,91.7,91.7,10,1.1,0.1,0.7,100,0.1,0.0494,0.0015,0,19.5,35.9,2.4,21,8,2,498
"PRY","Paraguay","Latin America and Caribbe","South America",6158.3,4368.1,1,395908,1.2,77.7,73.3,82.1,73.3,80,61.9,58.5,86,94.2,91,76.4,34.7,80,61.9,58.5,76.7,NA,95.4,94.2,76.6,76.2,91,44.4,32.2,20.3,98.8,61.2,49.6,85.2,NA,76.7,69.3,47.7,NA,100,NA,NA,100,95,100,86.4,95.5,82.6,100,100,80,86,5,52.8,100.6,1477,0.5,1.59181e+08,69.7,NA,23.5,0.9,0.3,4.8,NA,10,NA,NA,0,3.1,0,1.9,21,11.2,0.5,0
"ROU","Romania","Central and Eastern Europ","Central Europe",21711.5,8721.8,0,237056,15,71.9,77.8,66.1,77.8,95.5,66.2,30.1,77.8,70.4,92.8,35.1,90.4,95.5,66.2,30.1,100,73.2,60.4,70.4,43.3,27,92.8,75.9,100,100,90.9,100,51.3,100,51.3,100,32.8,22.2,NA,71,98.1,48.2,91.6,33.1,22.7,54.4,100,92.5,61.2,57.5,51.5,57,4,22.9,16,0,3.8,13457.7,70.7,70.7,17.2,1,0.2,2.2,NA,7.1,0.0186,-0.0101,7.2,42.3,36.1,6.2,22,6.1,3.5,394
"RUS","Russia","Central and Eastern Europ","Eastern Europe",143202,10350,0,1.668e+07,0.4,83.9,96.3,71.4,96.3,96.1,73,79.2,82.3,62.9,99.5,89.9,96.3,96.1,73,79.2,100,83.9,63.1,62.9,84.8,94.9,99.5,90.7,100,100,92.5,99.8,48.3,81.6,48.3,100,87.9,74.5,100,26,83.9,NA,96.3,57,87.5,74.6,0,74.5,50.7,63.6,87,97,0.3,8.8,20,0.5,3.2,827506,68.9,68.9,2.1,1,0.4,7.4,100,2.6,0.1611,NA,3.2,27.2,5.8,3.4,0,15.5,4.2,338
"RWA","Rwanda","Sub-Saharan Africa","Eastern Africa",9037.7,1104.7,1,24348.9,85,54.9,32.2,77.5,32.2,99,62.8,72.2,89,78,15.3,44,54.3,99,62.8,72.2,100,NA,78,78,32.2,55.9,15.3,0,85.9,99.8,98.1,99.8,25.6,99.6,NA,100,74.6,69.7,NA,100,NA,NA,100,78.8,100,93.2,18.2,95.6,100,38.3,42,74,47,95,36.7,4.3,0.8,668937,55.3,NA,0,2.5,0.4,7,NA,10,NA,NA,0,13.4,0,0.9,4,4.5,0.8,572.4
"SAU","Saudi Arabia","Middle East and North Africa","Arabian Peninsula",24573.1,14768.8,0,1.94266e+06,0,72.8,85.5,60.2,85.5,98.9,21.5,95.5,82.5,50.5,98.2,85.8,59.8,98.9,21.5,95.5,100,77.7,69.9,50.5,85.3,86.4,98.2,94.7,4.7,99.9,98.1,99.8,0,68.4,NA,100,100,100,NA,20,55.5,100,0,61.2,100,97.2,90.9,70.4,61.8,19.4,87.4,92,1,5,133.3,1.7,0.8,655933,39.9,NA,51.6,1,0.5,10,NA,2,0.4451,0.0054,98.3,24.6,0,0.4,20,17.6,3.5,748
"SDN","Sudan","Middle East and North Africa","Northern Africa",36233,2050.2,0,2.49239e+06,1.2,55.5,47,64.1,47,77.1,66.7,30.1,78.4,67.9,67.6,35.9,17,77.1,66.7,30.1,81.7,78.6,74.8,67.9,22.8,49.1,67.6,0,0,84.8,99.6,54.6,45.2,100,45.2,81.7,30.1,31.2,NA,0,78.6,NA,55.4,98.2,100,24.9,95.5,95.2,100,8.6,34,70,18,95,181.5,282.3,0.2,1.86081e+08,67,67,10.7,1,0.2,3.1,NA,0,0.2137,NA,37.9,1.1,0,10.2,21,4.7,0.5,848
"SEN","Senegal","Sub-Saharan Africa","Western Africa",11658.2,1598.6,0,196151,8,62.8,58.4,67.3,58.4,98.6,67.4,29.5,82.9,70.7,60.3,54.5,58.4,98.6,67.4,29.5,89.4,83.3,76,70.7,49.7,59.3,60.3,44.2,53.1,97.5,99.4,97.7,49.6,100,49.6,89.4,39.1,44.2,NA,4,73.9,92.8,98.6,96.2,100,67,18.2,100,80.5,31.7,57,76,22,53,75.7,47,0.3,9.26368e+06,69.7,69.7,13.4,1,0.2,4.4,NA,0.4,0.2613,-0.0014,1.2,2.4,0,4.5,4,2,2.2,634
"SLB","Solomon Islands","East Asia and the Pacific","South Pacific",477.7,1857.6,0,28707.4,0.1,52.3,59.6,44.9,59.6,100,57.3,1.8,71.2,40.8,74.8,34.2,54.6,100,57.3,1.8,47.2,95.2,NA,40.8,19.3,49.1,74.8,0,86.6,100,99.9,100,14.7,73.4,NA,47.2,6.5,0.6,0,0,95.2,NA,NA,NA,100,NA,4.5,0,92.3,30.1,31,70,14,95,35.9,0,0,0,48.7,NA,0,0.9,0,0.1,0,0,0.0478,NA,NA,NA,0,NA,1,54.1,1.4,648.6
"SLE","Sierra Leone","Sub-Saharan Africa","Western Africa",5525.5,752.5,0,72617.4,8.1,40,18.2,61.9,18.2,95,60.1,6,82.9,69.6,0,27.8,44.9,95,60.1,6,84.1,86.8,77.9,69.6,28.7,27,0,3.2,70,78,99.1,90.9,20.1,97.7,NA,84.1,12.9,5,NA,0,73.7,100,100,100,100,84.9,4.5,89.4,89.4,30.1,39,57,78,92,55.7,407.3,0.4,3.747e+07,52,NA,0,1,0.1,0.5,NA,0,0.2631,0.0024,0,0,0,2.1,1,7.7,1.6,648.6
"SLV","El Salvador","Latin America and Caribbe","Meso America",6881,4775.5,0,20278.9,77.7,77.2,81.8,72.6,81.8,97.9,78.5,4.3,73.6,88.5,91,64.2,80.9,97.9,78.5,4.3,47.2,88.3,85.2,88.5,55.6,72.8,91,65.3,87,100,95.8,100,57.1,74.1,NA,47.2,12.4,0.6,NA,0,76.6,100,100,49.9,100,98.7,77.3,100,94,71.6,62,84,5,33,35.5,0,1.8,0,74.2,NA,0,0.9,0.1,0.1,NA,0,0.2337,0.0068,0,31.7,0,0.2,17,2,1.3,263
"SVK","Slovakia","Central and Eastern Europ","Central Europe",5400.9,15408.9,1,48875,27.2,86,99.1,72.9,99.1,90.9,75.7,53.5,89.3,71.2,99.6,99.4,97.9,90.9,75.7,53.5,100,NA,78.5,71.2,98.8,100,99.6,94.7,100,100,81.8,100,51.3,88.2,51.3,100,59.7,47.3,NA,100,NA,NA,100,51.9,56.7,83.9,100,86.4,52.3,75,99,100,0.2,5,15.7,0,7.7,0,70.7,70.7,0,1.1,0.3,4.7,NA,10,NA,NA,0,30.4,20.2,2.2,22,9.3,4.1,232
"SVN","Slovenia","Europe","Central Europe",1966.8,20890.2,0,20224,23.3,86.3,97.8,74.8,97.8,94.6,98,36.5,75.6,77.2,99.1,100,92.9,94.6,98,36.5,100,50,76.8,77.2,100,100,99.1,91.6,91.2,99,89.3,99.9,96,100,96,100,60.4,13.3,NA,5,0,100,100,96.3,10,91.4,86.4,84.4,82.4,64.6,100,100,0.5,8,30.5,18,4.5,591641,97.6,97.6,0,1.1,0.3,1.3,NA,0.5,1,0.0001,0,2.3,42,1.2,19,10.3,2.1,328
"SWE","Sweden","Europe","Western Europe",9041.3,30392.5,0,431704,2,93.1,99.4,86.9,99.4,98.1,97.1,58,85.9,91.6,99.8,100,97.9,98.1,97.1,58,100,78.4,79.3,91.6,100,100,99.8,94.7,100,99.8,96.3,99.9,94.6,58.6,94.6,100,75.8,52.3,NA,26,76.8,80,100,75,22.8,98.9,100,89.8,89.9,95.1,100,100,0.1,5,12.2,3.5,1.6,321529,96.7,96.7,0.4,1,0.4,5.2,NA,2.6,0.232,-0.0039,0,15.8,36,0.1,22,7.5,1.5,45
"SWZ","Swaziland","Sub-Saharan Africa","Southern Africa",1032.4,4440.1,1,17409.7,0.3,61.3,61.1,61.6,61.1,99.6,62.5,50.6,84.3,54.1,69.4,37.3,68.2,99.6,62.5,50.6,95.5,NA,73.1,54.1,39.2,35.5,69.4,32.8,88,99.1,99.2,99.9,29.4,99.9,NA,95.5,100,1.2,NA,100,NA,NA,100,100,100,61,4.5,27.6,93,41.6,48,62,17,63.8,34.2,17.5,0.3,308959,57.5,NA,4,1,0.5,0.1,NA,10,NA,NA,0,0,0,5.3,1,39.7,1.3,541.3
"SYR","Syria","Middle East and North Africa","Mashriq",19043.4,3496.8,0,184366,25.9,68.2,84.5,51.8,84.5,97.6,19.3,11.7,82.9,59.7,92.8,88.2,64.3,97.6,19.3,11.7,100,71.4,77.3,59.7,88.3,88.1,92.8,66.3,44.4,100,95.3,100,0,99,NA,100,21.1,2.8,NA,4,71.4,NA,89.3,8,100,93.8,95.5,97.1,45.4,36.7,90,93,4,32,86.1,0,2,0,39.9,NA,55.6,1.1,0.1,0.3,NA,0.4,0.2855,NA,9.1,58.2,0,0.8,21,3.7,4.6,587
"TCD","Chad","Sub-Saharan Africa","Central Africa",9748.9,1340.7,1,1.24314e+06,0,45.9,18.4,73.3,18.4,86.9,51.8,79.9,84,73.3,27.9,0.8,17.2,86.9,51.8,79.9,86.4,NA,81.7,73.3,0,1.5,27.9,0,10.2,65.6,99.7,74.1,21.8,85.1,NA,86.4,86.6,73.3,NA,100,NA,NA,86.9,100,100,66.9,54.5,89.7,100,30.1,9,42,40,95,126.7,636.9,0.1,1.06339e+08,53,NA,16.4,1,0.4,7.3,NA,10,NA,NA,11.2,0,0,4.5,12,7.6,0.7,648.6
"TGO","Togo","Sub-Saharan Africa","Western Africa",6145,1306,0,57276.9,9.1,62.3,52,72.6,52,95.3,60.1,63.3,54.4,82.4,67.6,21.2,51.5,95.3,60.1,63.3,0,82.9,80.4,82.4,24,18.5,67.6,8.1,80.3,80.8,99,91.7,20.1,100,NA,0,100,38.7,NA,1,65.8,100,100,47,100,82.5,72.7,98.3,100,48.9,35,52,18,87.3,43.4,356,0.4,3.39931e+07,52,NA,0,0.6,0.5,3.9,NA,0.1,0.3421,0.001,0,33.5,0,2.4,16,3.1,0.6,474
"THA","Thailand","East Asia and the Pacific","South East Asia",64232.8,8065.1,0,513635,43.7,79.2,85.5,72.8,85.5,79.6,85,55.7,81.3,71.1,96.4,98.6,50.5,79.6,85,55.7,91.4,60.1,92.3,71.1,98.8,98.3,96.4,24.2,55.1,94,93.9,65.3,79.7,77.8,79.7,91.4,64.6,73.4,NA,14,20.3,100,100,81.5,90.8,98.3,90.9,92.8,77.8,42.8,99,99,2,72,73.4,111.2,2.6,1.42235e+08,87.8,87.8,8.8,1,0.3,7.3,NA,1.4,0.7975,0.0193,0,11.7,4.3,0.2,20,6,2.4,531
"TJK","Tajikistan","Central and Eastern Europ","Central Asia",6507,1256.9,1,130111,11.7,72.3,62.2,82.5,62.2,99.8,63.7,43.8,81.8,98.2,82,36.5,48.3,99.8,63.7,43.8,83.5,NA,80.1,98.2,42.7,30.4,82,0,70.9,99.4,99.8,99.8,42.8,77.5,NA,83.5,58.3,29.3,NA,100,NA,NA,93.1,98.9,100,94.8,13.6,97.6,100,97.1,51,59,10,95,54.5,10.6,0.1,983656,65.6,NA,14,1,0.3,2.9,NA,10,NA,NA,5.9,0.7,0,0.7,3,3.5,0,27
"TKM","Turkmenistan","Central and Eastern Europ","Central Asia",4833.3,3415.7,1,460254,0.2,71.3,78.1,64.4,78.1,99.7,56,58.1,87.9,58.2,87.4,54,83.8,99.7,56,58.1,100,NA,75.9,58.2,55.6,52.5,87.4,94.7,64.7,100,99.5,100,42.8,97.7,NA,100,99.2,16.9,NA,100,NA,NA,83.5,96.7,100,99.2,0,60.4,100,14.3,62,72,7,5,61.9,0,0.2,0,65.6,NA,27.9,1,0.5,1.7,NA,10,NA,NA,14,2.1,0,0.1,0,22.7,0,795
"TTO","Trinidad & Tobago","Latin America and Caribbe","Caribbean",1305.2,14708.1,0,5202.12,56.6,70.4,88.4,52.3,88.4,90.6,79.7,47.5,95.7,28.7,98.2,92.4,64.8,90.6,79.7,47.5,100,91.4,NA,28.7,100,84.7,98.2,91.6,20.5,100,81.2,100,59.4,98.2,NA,100,98.8,41.1,50,0,84.4,98.5,100,74.7,100,NA,86.4,62.5,0,23.6,100,91,1,8,114.4,0,7.9,0,75.6,NA,0,1,0.5,4.1,50,0,0.1564,-0.0003,0,16,0,NA,19,21.7,13.5,709
"TUN","Tunisia","Middle East and North Africa","Northern Africa",10102.5,7758.2,0,147881,17.4,78.1,92.9,63.3,92.9,97.4,41.2,22.4,68.7,77.1,96.4,85.3,93.5,97.4,41.2,22.4,100,53.2,53,77.1,82.5,88.1,96.4,94.7,88.9,100,94.7,100,39.7,49.6,39.7,100,50.3,8.9,NA,1,6.3,100,76.8,0,75.7,99.1,13.6,97.2,86.1,48,85,93,2,5,33.2,0.5,2.2,64297.7,63.8,63.8,51.9,1.1,0.3,0.9,NA,0.1,0.9369,0.0026,19.7,77,11.3,0.1,3,3.7,1.8,482
"TUR","Turkey","Middle East and North Africa","Central Europe",73192.8,7842.2,0,768694,19.2,75.9,91.2,60.6,91.2,96.8,69.3,5.2,75.5,66.5,94.6,89.6,86.1,96.8,69.3,5.2,100,48.4,78.1,66.5,86,93.2,94.6,88.4,76.7,100,93.6,100,54,87.6,54,100,10.8,2.8,0,11,34.4,62.5,96.8,77.6,42.1,87.5,86.4,95.7,50.4,53.3,88,96,3,11,47.7,0.2,2.7,189136,72.3,72.3,13.9,1,0.1,0.3,0,1.1,0.6563,-0.0073,2.7,14.2,27,1.7,19,4.5,4.2,433
"TWN","Taiwan","East Asia and the Pacific","Northeast Asia",NA,29600,0,36222.7,74.5,80.8,96.6,65.1,96.6,49.8,71.1,66.7,61.2,65.5,99.8,100,86.6,49.8,71.1,66.7,NA,59.6,62.8,65.5,100,100,99.8,100,66.6,99.8,0,99.7,42.3,66.3,NA,NA,100,100,NA,0,19.2,100,100,100,13.9,100,0,82.3,82.5,31.9,100,100,0.1,0,59.7,3.5,48.3,1.36357e+06,65.3,NA,0,NA,0.5,10,NA,0,0.8084,0.0043,0,0,40.2,0,0,11.4,2,632
"TZA","Tanzania","Sub-Saharan Africa","Southern Africa",38328.8,649.5,0,891022,6,63.9,52.2,75.6,52.2,99.3,68,87.2,72.7,72.8,53.1,36.7,65.7,99.3,68,87.2,73.3,79.1,65.8,72.8,38,35.5,53.1,21.6,93,99.6,99.6,98.9,48,95.6,48,73.3,100,92.8,88.9,14,83.3,74.9,77.4,99.9,100,33.5,18.2,97.5,86.3,34.6,47,62,26,74.5,28.3,7.7,0.2,4.57914e+06,68.7,68.7,10.8,0.9,0.5,9.3,88.9,1.4,0.1675,-0.0049,19.2,0.1,0,9,4,3.5,1.8,607
"UGA","Uganda","Sub-Saharan Africa","Eastern Africa",28816.2,1312.8,1,207069,36.2,61.6,41.6,81.6,41.6,99,63.3,78.9,53.4,94.5,36.9,32.7,59.9,99,63.3,78.9,52.4,NA,54.4,94.5,33.3,32.1,36.9,0,100,99.4,99.3,98.8,28,69.2,28,52.4,99.9,87,50,100,NA,NA,100,49.5,98.1,20,4.5,100,100,83.6,43,60,35,95,16.5,10.7,0.3,5.10167e+06,56.7,56.7,1.4,0.9,0.5,8.7,50,10,NA,NA,0,31.9,0.9,10.9,1,1.6,0.8,151.7
"UKR","Ukraine","Central and Eastern Europ","Eastern Europe",46480.7,6605.2,0,588417,6.8,74.1,97,51.2,97,96.9,52.5,8.5,77.7,51.1,99.5,94.3,94.8,96.9,52.5,8.5,100,77.7,55.3,51.1,95.3,93.2,99.5,93.2,93.8,100,93.8,100,31.7,93.9,NA,100,9.7,5.5,NA,16,77,78.4,84.4,1.5,100,17.8,72.7,87.2,0,66.1,96,96,0.3,6.5,27.3,0.1,2.6,73695.8,58.9,NA,24.2,1.1,0,0.5,NA,1.6,0.23,-0.0042,13.2,62.3,0,11.2,16,8.9,9.3,314
"URY","Uruguay","Latin America and Caribbe","South America",3463.2,9897.8,0,174048,2.8,82.3,88.9,75.6,88.9,99.6,90.3,0.4,85.4,88.5,98.2,100,59.4,99.6,90.3,0.4,100,67.6,88.6,88.5,100,100,98.2,94.7,3.9,99.5,99.3,99.9,80.5,82.5,80.5,100,1,0.2,NA,0,35.2,100,100,100,89.7,99,54.5,76.6,100,88.9,100,100,1,5,134.2,8.6,0.3,514102,88.3,88.3,0,1.1,0,0,NA,0,0.6478,0.0038,0,0,4.8,0.1,12,14.4,0.8,103
"USA","United States","North America","North America",298213,38165.3,0,9.21075e+06,4.3,81,98.5,63.5,98.5,44,73.1,65.3,83.5,56.1,99.6,100,94.8,44,73.1,65.3,100,72.4,77.9,56.1,100,100,99.6,94.7,97.8,89.2,88,0,69.7,98.1,69.7,100,74.7,84.9,58.3,38,75.1,69.7,77.5,73.4,65.7,86.6,86.4,56.3,73.7,38.2,100,100,0.2,5,22.6,200.8,5.1,9.40242e+08,81.8,81.8,21.3,1,0.4,8.5,58.3,3.8,0.2485,-0.0059,19.1,16.8,16,1.8,19,24.9,2.6,573
"UZB","Uzbekistan","Central and Eastern Europ","Central Asia",26593.1,1942.4,1,412711,12.4,65,78.2,51.7,78.2,97.9,48.1,23.9,83.6,46.9,98.2,65.4,51,97.9,48.1,23.9,100,NA,67.2,46.9,61.4,69.4,98.2,24.2,53.3,100,95.8,99.9,42.8,100,NA,100,36.2,11.6,NA,100,NA,NA,75.2,66.8,100,93.9,0,88.5,0,52.2,67,82,1,72,75.5,0.7,1.8,262351,65.6,NA,42.1,1.3,0.2,1.2,NA,10,NA,NA,21.1,21,0,0.8,0,8.2,14.5,443
"VEN","Venezuela","Latin America and Caribbe","South America",26749.1,6485.3,0,911836,4.2,80,88.5,71.6,88.5,97.5,69.5,74.9,72.8,68.4,94.6,66.9,97.8,97.5,69.5,74.9,87.7,74.7,55.9,68.4,62.6,71.1,94.6,94.7,100,99.5,96.1,99,49.6,100,NA,87.7,100,91.5,55.6,32,68.4,81,75,98.6,0.5,91.6,13.6,78.4,50.9,75.7,68,83,3,5,6.8,8.5,1.7,4.29817e+06,69.7,NA,9.7,1,0.5,9.1,55.6,3.2,0.3161,-0.0037,21.3,0.9,46.4,1.1,3,13.4,4.2,225
"VNM","Viet Nam","East Asia and the Pacific","South East Asia",84238.2,2924.8,0,328820,42.4,73.9,76.3,71.5,76.3,94.9,87.6,28.4,80,74.7,92.8,64.5,55.3,94.9,87.6,28.4,100,53.2,86.7,74.7,54.4,74.5,92.8,26.7,62,98.8,98.1,91.6,78.5,42.6,78.5,100,28.5,25.7,58.3,1,6.5,100,100,81.4,63.6,97.9,90.9,98.8,69.2,56.2,61,85,4,69.6,65.2,22.1,0.8,3.4337e+07,87.1,87.1,3,1.1,0.1,2.6,58.3,0.1,0.9353,0,0,11.8,17,0.3,20,2.9,3,406
"YEM","Yemen","Middle East and North Africa","Arabian Peninsula",20974.7,857.7,0,415203,12,49.7,48.2,51.2,48.2,98.3,19.2,0.8,84.7,61.1,47.7,38.7,58.7,98.3,19.2,0.8,100,83.3,70.9,61.1,33.3,44,47.7,56.2,40.4,100,96.6,100,0,100,NA,100,0.3,0.1,NA,2,66.7,100,0,72.6,100,90.9,90.9,100,74.6,8.9,43,67,29,41.6,90.8,0,1.4,0,39.9,NA,55.9,1,0,0,NA,0.2,0.3331,0.0009,95.5,17.3,0,1.2,20,1.7,2.6,845.5
"ZAF","South Africa","Sub-Saharan Africa","Southern Africa",47431.8,10337.8,0,1.21764e+06,6.3,69,81.8,56.2,81.8,90.4,41.7,44.8,86.6,51.4,83.8,69.3,90.2,90.4,41.7,44.8,100,85.2,74.7,51.4,59.1,79.6,83.8,81.2,94.8,98.9,84.9,95.8,44,43,44,100,77,43.3,50,4,70.5,100,56,92.4,100,61.4,63.6,86.4,59.1,8.6,65,88,9,17.9,26.1,20.3,6.4,1.7102e+07,66.3,66.3,54.8,1,0.4,4.3,50,0.4,0.2952,0.0137,37.4,4.8,0,5.3,14,9.3,3.6,848
"ZMB","Zambia","Sub-Saharan Africa","Southern Africa",11668.5,949.1,1,745318,1,55.1,30.8,79.4,30.8,65.3,64.6,99.9,73,81,24.3,38,36.8,65.3,64.6,99.9,77.9,NA,68.2,81,47.4,28.7,24.3,8.1,67.9,31.9,96.7,33.9,29.4,99.5,NA,77.9,100,99.7,NA,100,NA,NA,100,99.9,100,0,40.9,81.2,62.6,99.3,55,58,42,87.3,58.2,1261.2,1.4,2.71204e+08,57.5,NA,0.1,0.9,0.5,10,NA,10,NA,NA,0,0.1,0,14.3,9,12,3.4,6.8
"ZWE","Zimbabwe","Sub-Saharan Africa","Southern Africa",13009.5,1738.6,1,389053,0.5,69.3,67.8,70.8,67.8,94.4,53.4,91.1,68.7,68.1,74.8,56.4,65.3,94.4,53.4,91.1,64.4,NA,73,68.1,45,67.7,74.8,24.6,93,91.1,98.9,89.8,29.4,81.9,NA,64.4,100,98.3,75,100,NA,NA,98.3,99.6,100,67.2,0,96.8,69.3,38.3,53,81,14,71.6,28.3,165.6,0.4,4.19369e+07,57.5,NA,20.4,0.9,0.5,9.8,75,10,NA,NA,1.4,0.3,0,4.5,0,3.9,3,572.3
