STN---,WBAN , YEARMODA,   TEMP,  ,   DEWP,  ,  SLP  ,  ,  STP  ,  , VISIB,  ,  WDSP,  , MXSPD,  GUST,   MAX  ,  MIN  ,PRCP  ,SNDP , FRSHTT,
035600,99999, 20150101,   48.6,24,   46.1,24, 1024.4,24, 1014.0,24,  10.7,24,  16.5,24,  22.9, 999.9,   54.3*,  40.3 , 0.02G,999.9, 010000,
035600,99999, 20150102,   45.3,24,   35.0,24, 1027.1,24, 1016.5,24,  23.6,24,  12.9,24,  22.0, 999.9,   55.2*,  37.9*, 0.03G,999.9, 000000,
035600,99999, 20150103,   36.8,24,   34.7,24, 1024.0,24, 1013.3,24,   7.7,24,   6.9,24,   9.9, 999.9,   41.0*,  33.4*, 0.10G,999.9, 110000,
035600,99999, 20150104,   31.1,24,   30.7,24, 1034.7,24, 1023.8,24,   0.6,24,   2.0,24,   8.9, 999.9,   35.8*,  27.5 , 0.38G,999.9, 101000,
035600,99999, 20150105,   43.2,24,   40.5,24, 1028.1,24, 1017.5,24,  13.1,24,   6.9,24,   8.9, 999.9,   48.4 ,  33.1 , 0.01G,999.9, 000000,
035600,99999, 20150106,   42.5,24,   39.0,24, 1020.1,24, 1009.6,24,  20.9,24,  10.4,24,  18.1, 999.9,   48.4 ,  35.2*, 0.00G,999.9, 010000,
035600,99999, 20150107,   42.4,24,   38.3,24, 1021.3,24, 1010.7,24,  20.3,24,  12.6,24,  20.0, 999.9,   49.1*,  33.8 , 0.02G,999.9, 010000,
035600,99999, 20150108,   46.3,24,   42.5,24, 1019.2,24, 1008.7,24,  16.1,24,   9.6,24,  15.0, 999.9,   52.2*,  41.2*, 0.02G,999.9, 010000,
035600,99999, 20150109,   51.6,24,   45.7,24, 1014.5,24, 1004.2,24,  19.7,24,  16.4,24,  21.0, 999.9,   58.1*,  40.6 , 0.42G,999.9, 010000,
035600,99999, 20150110,   47.5,24,   38.5,24, 1012.0,24, 1001.6,24,  25.3,24,  17.1,24,  25.1, 999.9,   55.0 ,  36.9*, 0.01G,999.9, 010000,
035600,99999, 20150111,   40.8,24,   33.2,24, 1019.6,24, 1009.0,24,  18.0,24,  12.5,24,  17.1, 999.9,   45.3*,  35.1 , 0.12G,999.9, 010000,
035600,99999, 20150112,   47.5,24,   44.4,24, 1007.7,24,  997.4,24,  14.4,24,  14.5,24,  21.0, 999.9,   51.3 ,  42.4 , 0.02G,999.9, 010000,
035600,99999, 20150113,   43.2,24,   38.8,24, 1000.9,24,  990.5,24,  25.6,24,   9.2,24,  15.0, 999.9,   51.8*,  36.1*, 0.43G,999.9, 010000,
035600,99999, 20150114,   38.8,24,   33.4,24, 1001.9,24,  991.5,24,  23.0,24,  13.9,24,  24.1, 999.9,   46.2*,  34.0*, 0.05G,999.9, 010000,
035600,99999, 20150115,   44.1,24,   36.9,24,  987.7,24,  977.5,24,  18.5,24,  17.1,24,  24.1, 999.9,   50.0*,  38.1*, 0.24G,999.9, 010000,
035600,99999, 20150116,   37.3,24,   32.0,24, 1003.0,24,  992.6,24,  20.9,24,   9.2,24,  15.9, 999.9,   43.2 ,  31.1*, 0.02G,999.9, 010000,
035600,99999, 20150117,   34.3,24,   30.1,24, 1011.3,24, 1000.7,24,  22.4,24,   7.2,24,  11.1, 999.9,   40.3 ,  29.5 , 0.00G,999.9, 011000,
035600,99999, 20150118,   34.2,24,   32.0,24, 1012.1,24, 1001.4,24,   8.9,24,   5.4,24,   7.0, 999.9,   38.1 ,  30.9*, 0.06G,999.9, 011000,
035600,99999, 20150119,   32.5,24,   29.1,24, 1014.1,24, 1003.4,24,  16.5,24,   5.4,24,   8.9, 999.9,   36.1 ,  29.1*, 0.00G,999.9, 001000,
035600,99999, 20150120,   30.9,24,   28.8,24, 1010.0,24,  999.3,24,   7.9,24,   5.1,24,   9.9, 999.9,   38.1 ,  23.5 , 0.00G,999.9, 110000,
035600,99999, 20150121,   35.3,24,   33.0,24, 1007.9,24,  997.3,24,   8.1,24,   9.6,24,  15.0, 999.9,   36.9 ,  33.4 , 0.03G,999.9, 010000,
035600,99999, 20150122,   31.6,24,   29.2,24, 1020.8,24, 1010.0,24,   3.6,24,   3.9,24,   5.1, 999.9,   38.7 ,  25.7*, 0.00G,999.9, 000000,
035600,99999, 20150123,   32.1,24,   29.3,24, 1023.2,24, 1012.4,24,   4.4,24,   8.4,24,  15.0, 999.9,   43.2*,  21.2 , 0.01G,999.9, 010000,
035600,99999, 20150124,   38.6,24,   33.7,24, 1025.0,24, 1014.3,24,  14.6,24,  11.9,24,  17.1, 999.9,   43.9*,  34.2*, 0.09G,999.9, 010000,
035600,99999, 20150125,   39.0,24,   35.9,24, 1028.6,24, 1017.9,24,  11.2,24,   7.6,24,  11.1, 999.9,   46.2 ,  30.7 , 0.00G,999.9, 000000,
035600,99999, 20150126,   44.1,24,   39.9,24, 1023.2,24, 1012.7,24,  17.3,24,  10.7,24,  17.1, 999.9,   47.5 ,  36.9*, 0.02G,999.9, 010000,
035600,99999, 20150127,   41.5,24,   36.9,24, 1025.4,24, 1014.8,24,  23.3,24,   9.1,24,  11.1, 999.9,   45.9 ,  36.7 , 0.00G,999.9, 000000,
035600,99999, 20150128,   41.7,24,   35.8,24, 1003.4,24,  993.0,24,  24.8,24,  15.0,24,  24.1, 999.9,   49.6 ,  35.1*, 0.00G,999.9, 010000,
035600,99999, 20150129,   35.0,24,   30.4,24,  983.8,24,  973.4,24,  23.2,24,  12.1,24,  15.9, 999.9,   41.5 ,  32.5*, 0.13G,  0.8, 011000,
035600,99999, 20150130,   34.1,24,   31.4,24,  978.2,24,  968.0,24,  11.5,24,   8.2,24,  14.0, 999.9,   38.8 ,  30.2*, 0.08G,  1.6, 111000,
035600,99999, 20150131,   34.8,24,   30.5,24,  984.5,24,  974.2,24,  21.2,24,  12.4,24,  20.0, 999.9,   38.8 ,  29.1 , 0.45G,  0.8, 010000,
035600,99999, 20150201,   35.6,24,   27.5,24,  999.2,24,  988.7,24,  23.9,24,  15.1,24,  19.0, 999.9,   40.5 ,  29.7*, 0.08G,999.9, 010000,
035600,99999, 20150202,   30.3,24,   23.7,24, 1005.6,24,  994.9,24,  23.3,24,   7.8,24,   8.9, 999.9,   35.6 ,  25.7 , 0.00G,999.9, 001000,
035600,99999, 20150203,   32.8,24,   30.8,24, 1008.9,24,  998.2,24,  11.0,24,   9.6,24,  11.1, 999.9,   37.8 ,  29.3 , 0.00G,  0.8, 011000,
035600,99999, 20150204,   34.3,24,   31.2,24, 1020.4,24, 1009.6,24,  14.2,24,  10.7,24,  14.0, 999.9,   39.4 ,  29.8 , 0.10G,999.9, 010000,
035600,99999, 20150205,   34.1,24,   32.0,24, 1026.9,24, 1016.1,24,  17.3,24,   8.7,24,  13.0, 999.9,   37.2 ,  30.2*, 0.00G,999.9, 011000,
035600,99999, 20150206,   33.1,24,   28.3,24, 1032.9,24, 1022.0,24,  25.2,24,   9.1,24,  14.0, 999.9,   40.1 ,  28.4*, 0.06G,999.9, 000000,
035600,99999, 20150207,   35.2,24,   33.8,24, 1037.1,24, 1026.2,24,   7.3,24,   7.4,24,   9.9, 999.9,   39.6 ,  28.6 , 0.02G,999.9, 010000,
035600,99999, 20150208,   37.8,24,   33.7,24, 1038.3,24, 1027.5,24,   9.9,24,   8.7,24,  13.0, 999.9,   46.0 ,  32.2*, 0.01G,999.9, 000000,
035600,99999, 20150209,   39.4,24,   36.2,24, 1034.2,24, 1023.5,24,  10.9,24,   6.6,24,  11.1, 999.9,   49.1 ,  32.9*, 0.00G,999.9, 000000,
035600,99999, 20150210,   35.0,24,   33.9,24, 1032.7,24, 1021.9,24,   3.4,24,   3.6,24,   7.0, 999.9,   40.5 ,  28.9 , 0.01G,999.9, 111000,
035600,99999, 20150211,   38.5,24,   33.8,24, 1025.1,24, 1014.4,24,  10.2,24,   3.0,24,   6.0, 999.9,   39.6 ,  34.5 , 0.01G,999.9, 000000,
035600,99999, 20150212,   36.9,16,   31.0,16, 1020.2,16, 1009.5,16,   6.7,16,   3.1,16,   7.0, 999.9,   37.9*,  34.7*, 0.00G,999.9, 000000,
035600,99999, 20150213,   41.0,24,   38.3,24, 1003.0,24,  992.6,24,   9.5,24,  12.6,24,  19.0, 999.9,   48.2 ,  34.5*, 0.01E,999.9, 010000,
035600,99999, 20150214,   42.9,24,   42.3,24, 1003.0,24,  992.7,24,   8.3,24,   7.5,24,  11.1, 999.9,   46.2 ,  40.3 , 0.14G,999.9, 010000,
035600,99999, 20150215,   40.5,24,   39.7,24, 1014.0,24, 1003.5,24,   1.7,24,   5.2,24,   8.9, 999.9,   44.4 ,  32.9*, 0.03G,999.9, 110000,
035600,99999, 20150216,   39.4,24,   38.7,24, 1015.9,24, 1005.3,24,   5.6,24,   8.1,24,  11.1, 999.9,   44.1 ,  31.3 , 0.01G,999.9, 111000,
035600,99999, 20150217,   38.5,24,   32.4,24, 1035.0,24, 1024.2,24,  16.0,24,   8.0,24,  12.0, 999.9,   46.4 ,  32.7 , 0.28G,999.9, 000000,
035600,99999, 20150218,   40.5,24,   34.7,24, 1035.5,24, 1024.7,24,  18.6,24,  10.0,24,  15.0, 999.9,   49.3 ,  31.8 , 0.01G,999.9, 000000,
035600,99999, 20150219,   43.2,24,   40.3,24, 1019.2,24, 1008.7,24,  17.0,24,  13.2,24,  18.1, 999.9,   46.2 ,  39.4 , 0.00G,999.9, 010000,
035600,99999, 20150220,   39.7,24,   37.4,24, 1005.6,24,  995.1,24,  14.6,24,   5.3,24,   8.0, 999.9,   43.3 ,  35.4*, 0.22G,999.9, 010000,
035600,99999, 20150221,   37.2,24,   33.0,24, 1001.2,24,  990.7,24,  20.2,24,   9.3,24,  14.0, 999.9,   44.1 ,  32.5*, 0.00G,999.9, 010000,
035600,99999, 20150222,   37.2,24,   34.8,24, 1001.0,24,  990.6,24,  19.3,24,  12.5,24,  22.0, 999.9,   47.8*,  29.8*, 0.02G,999.9, 010000,
035600,99999, 20150223,   39.7,24,   33.4,24,  989.5,24,  979.2,24,  22.4,24,  13.4,24,  18.1, 999.9,   44.4*,  36.9 , 0.20G,999.9, 010000,
035600,99999, 20150224,   41.5,24,   33.2,24, 1002.2,24,  991.9,24,  22.0,24,  14.0,24,  25.1, 999.9,   48.2 ,  36.9 , 0.00G,999.9, 010000,
035600,99999, 20150225,   44.8,24,   41.1,24, 1014.1,24, 1003.7,24,  18.5,24,   6.5,24,   9.9, 999.9,   52.2 ,  35.4 , 0.02G,999.9, 010000,
035600,99999, 20150226,   45.8,24,   42.6,24, 1011.5,24, 1001.2,24,  14.0,24,  11.0,24,  15.0, 999.9,   51.4 ,  34.0*, 0.02G,999.9, 010000,
035600,99999, 20150227,   38.6,23,   30.9,23, 1018.3,23, 1007.6,23,  17.8,23,   7.4,23,  11.1, 999.9,   46.6*,  31.1*, 0.17G,999.9, 000000,
035600,99999, 20150228,   45.6,23,   43.2,23, 1005.8,23,  995.4,23,  14.8,23,  14.4,23,  19.0, 999.9,   51.4*,  38.5*, 0.00G,999.9, 010000,
035600,99999, 20150301,   44.2,24,   35.7,24,  997.4,24,  987.1,24,  21.7,24,  14.4,24,  22.9, 999.9,   50.9*,  36.3*, 0.03G,999.9, 010000,
035600,99999, 20150302,   38.7,24,   29.0,24, 1006.0,24,  995.5,24,  24.5,24,  13.8,24,  27.0, 999.9,   45.7 ,  34.3 , 0.09G,999.9, 010000,
035600,99999, 20150303,   39.1,24,   30.8,24, 1014.5,24, 1004.0,24,  24.8,24,  11.3,24,  19.0, 999.9,   46.2 ,  34.5 , 0.01G,999.9, 010000,
035600,99999, 20150304,   40.3,24,   31.9,24, 1028.3,24, 1017.6,24,  21.1,24,  12.4,24,  22.0, 999.9,   49.5 ,  34.7 , 0.02G,999.9, 000000,
035600,99999, 20150305,   41.1,24,   34.3,24, 1038.0,24, 1027.2,24,  19.9,24,   8.3,24,  17.1, 999.9,   50.4 ,  32.5 , 0.00G,999.9, 000000,
035600,99999, 20150306,   46.3,24,   35.7,24, 1032.1,24, 1021.6,24,  24.1,24,  10.7,24,  15.9, 999.9,   53.8 ,  42.6 , 0.00G,999.9, 000000,
035600,99999, 20150307,   49.5,24,   39.1,24, 1022.8,24, 1012.4,24,  15.7,24,  13.5,24,  17.1, 999.9,   59.2 ,  42.1 , 0.00G,999.9, 000000,
035600,99999, 20150308,   45.4,24,   42.4,24, 1022.0,24, 1011.5,24,  14.4,24,  10.1,24,  14.0, 999.9,   54.0 ,  36.9*, 0.00G,999.9, 010000,
035600,99999, 20150309,   41.9,24,   39.7,24, 1024.0,24, 1013.4,24,  11.5,24,  10.0,24,  17.1, 999.9,   50.2*,  29.5 , 0.00G,999.9, 110000,
035600,99999, 20150310,   42.7,24,   34.4,24, 1029.8,24, 1019.2,24,  13.9,24,   5.6,24,   8.9, 999.9,   51.3 ,  35.1*, 0.01G,999.9, 000000,
035600,99999, 20150311,   43.7,24,   36.9,24, 1028.4,24, 1017.8,24,   7.6,24,   8.7,24,  15.9, 999.9,   54.5 ,  32.0 , 0.00G,999.9, 010000,
035600,99999, 20150312,   48.0,24,   35.2,24, 1025.1,24, 1014.6,24,  13.1,24,   9.2,24,  15.9, 999.9,   57.2 ,  38.7*, 0.01G,999.9, 000000,
035600,99999, 20150313,   44.2,24,   34.4,24, 1024.2,24, 1013.7,24,  15.0,24,   8.6,24,  14.0, 999.9,   53.1 ,  37.8*, 0.00G,999.9, 000000,
035600,99999, 20150314,   40.1,24,   32.0,24, 1031.7,24, 1021.0,24,  16.1,24,  12.4,24,  17.1, 999.9,   46.9 ,  36.7*, 0.00G,999.9, 000000,
035600,99999, 20150315,   41.6,24,   37.7,24, 1029.1,24, 1018.5,24,   8.5,24,  11.4,24,  15.0, 999.9,   44.6 ,  39.7 , 0.00G,999.9, 000000,
035600,99999, 20150316,   41.4,24,   37.8,24, 1024.2,24, 1013.6,24,   4.5,24,   7.6,24,  11.1, 999.9,   46.9 ,  34.5*, 0.00G,999.9, 010000,
035600,99999, 20150317,   40.8,24,   39.3,24, 1025.9,24, 1015.3,24,   1.6,24,   5.4,24,   9.9, 999.9,   48.4 ,  33.4 , 0.00G,999.9, 110000,
035600,99999, 20150318,   39.6,24,   37.4,24, 1032.6,24, 1021.9,24,   1.7,24,   6.2,24,   9.9, 999.9,   47.3 ,  31.1 , 0.01G,999.9, 111000,
035600,99999, 20150319,   41.7,24,   39.8,24, 1033.8,24, 1023.1,24,   5.1,24,   9.9,24,  13.0, 999.9,   43.5 ,  39.0 , 0.00G,999.9, 000000,
035600,99999, 20150320,   45.1,23,   38.6,23, 1027.4,23, 1016.9,23,   6.9,23,   6.2,23,  12.0, 999.9,   55.8 ,  38.5*, 0.00G,999.9, 000000,
035600,99999, 20150321,   42.7,24,   37.0,24, 1026.4,24, 1015.7,24,  14.7,24,  11.9,24,  18.1, 999.9,   45.3 ,  38.5 , 0.00G,999.9, 010000,
035600,99999, 20150322,   40.6,22,   32.9,22, 1026.3,22, 1015.7,22,  18.0,22,   6.0,22,   8.0, 999.9,   48.4 ,  34.3*, 0.00G,999.9, 000000,
035600,99999, 20150323,   41.9,24,   36.9,24, 1015.4,24, 1004.8,24,  12.4,24,   7.2,24,  11.1, 999.9,   51.8 ,  32.5 , 0.00G,999.9, 010000,
035600,99999, 20150324,   41.3,24,   34.0,24, 1009.8,24,  999.4,24,  18.5,24,   7.7,24,   9.9, 999.9,   49.8 ,  34.9*, 0.00G,999.9, 010000,
035600,99999, 20150325,   38.4,24,   31.7,24, 1011.3,24, 1000.8,24,  13.4,24,   5.3,24,   8.9, 999.9,   47.8 ,  30.7 , 0.01G,999.9, 000000,
035600,99999, 20150326,   43.2,24,   36.5,24, 1004.8,24,  994.4,24,  16.3,24,  15.9,24,  25.1, 999.9,   52.2 ,  32.7 , 0.14G,999.9, 010000,
035600,99999, 20150327,   42.9,23,   32.8,23, 1018.7,23, 1008.2,23,  18.9,23,   7.9,23,  15.0, 999.9,   52.7 ,  36.0 , 0.10G,999.9, 000000,
035600,99999, 20150328,   50.1,24,   47.0,24, 1009.5,24,  999.2,24,  16.8,24,  13.1,24,  19.0, 999.9,   57.4 ,  38.3 , 0.00G,999.9, 010000,
035600,99999, 20150329,   49.0,24,   43.8,24,  997.4,24,  987.2,24,  21.1,24,  15.3,24,  28.0, 999.9,   56.3 ,  43.3*, 0.01G,999.9, 010000,
035600,99999, 20150330,   44.9,24,   36.4,24, 1004.9,24,  994.6,24,  19.7,24,  14.0,24,  21.0, 999.9,   51.8*,  38.3 , 0.15G,999.9, 010000,
035600,99999, 20150331,   46.3,23,   37.5,23, 1005.7,23,  995.4,23,  20.7,23,  23.0,23,  29.9, 999.9,   52.7 ,  39.0*, 0.21G,999.9, 010000,
035600,99999, 20150401,   43.7,24,   33.8,24, 1020.6,24, 1010.0,24,  17.3,24,  15.4,24,  20.0, 999.9,   50.9 ,  37.2 , 0.07G,999.9, 010000,
035600,99999, 20150402,   44.5,23,   36.0,23, 1020.1,23, 1009.6,23,  21.6,23,   6.4,23,  13.0, 999.9,   51.3 ,  40.3*, 0.30G,999.9, 010000,
035600,99999, 20150403,   46.8,24,   46.5,24, 1016.4,24, 1006.0,24,   3.7,24,   6.1,24,   9.9, 999.9,   52.0 ,  42.6 , 0.05G,999.9, 110000,
035600,99999, 20150404,   45.1,24,   41.7,24, 1022.7,24, 1012.2,24,  16.4,24,   7.9,24,  15.0, 999.9,   47.7 ,  43.5*, 0.08G,999.9, 110000,
035600,99999, 20150405,   46.1,24,   42.8,24, 1027.4,24, 1016.9,24,   9.5,24,   2.8,24,   5.1, 999.9,   52.5 ,  41.2 , 0.00G,999.9, 010000,
035600,99999, 20150406,   45.4,24,   43.5,24, 1032.4,24, 1021.8,24,   9.3,24,   8.0,24,  14.0, 999.9,   57.0 ,  38.5 , 0.00G,999.9, 000000,
035600,99999, 20150407,   47.9,23,   42.2,23, 1036.0,23, 1025.4,23,  10.1,23,   4.8,23,   8.0, 999.9,   62.1 ,  36.0 , 0.00G,999.9, 010000,
035600,99999, 20150408,   48.8,24,   44.1,24, 1033.0,24, 1022.4,24,   5.9,24,   6.7,24,   9.9, 999.9,   59.5 ,  37.6 , 0.00G,999.9, 000000,
035600,99999, 20150409,   49.0,22,   42.9,22, 1026.7,22, 1016.2,22,   4.2,22,   4.4,22,   8.0, 999.9,   61.3 ,  39.6 , 0.00G,999.9, 000000,
035600,99999, 20150410,   53.9,24,   43.1,24, 1017.2,24, 1006.9,24,   8.7,24,   7.4,24,  11.1, 999.9,   67.3 ,  40.1 , 0.00G,999.9, 110000,
035600,99999, 20150411,   49.3,24,   37.2,24, 1017.2,24, 1006.8,24,  21.4,24,  12.0,24,  19.0, 999.9,   54.5 ,  40.8*, 0.00G,999.9, 010000,
035600,99999, 20150412,   47.2,23,   38.3,23, 1024.4,23, 1013.9,23,  20.7,23,  12.4,23,  21.0, 999.9,   60.6 ,  36.0 , 0.02G,999.9, 010000,
035600,99999, 20150413,   46.4,24,   41.9,24, 1030.2,24, 1019.6,24,  14.0,24,   6.2,24,   8.9, 999.9,   57.2 ,  31.6 , 0.03G,999.9, 100000,
035600,99999, 20150414,   54.5,23,   45.2,23, 1023.9,23, 1013.6,23,  18.5,23,   8.9,23,  13.0, 999.9,   67.5 ,  43.3 , 0.01G,999.9, 000000,
035600,99999, 20150415,   57.4,24,   46.9,24, 1016.9,24, 1006.7,24,  17.4,24,   8.8,24,  15.0, 999.9,   70.0 ,  48.6 , 0.00G,999.9, 000000,
035600,99999, 20150416,   51.0,22,   41.0,22, 1016.4,22, 1006.1,22,  18.0,22,   6.6,22,  11.1, 999.9,   61.3 ,  42.6*, 0.00G,999.9, 000000,
035600,99999, 20150417,   45.3,24,   37.6,24, 1021.8,24, 1011.3,24,  25.0,24,   9.8,24,  15.0, 999.9,   54.5 ,  35.6 , 0.00G,999.9, 010000,
035600,99999, 20150418,   45.4,24,   38.2,24, 1029.0,24, 1018.4,24,  20.6,24,  11.8,24,  17.1, 999.9,   58.3 ,  34.5 , 0.00G,999.9, 000000,
035600,99999, 20150419,   43.9,24,   37.2,24, 1025.6,24, 1015.1,24,  22.1,24,   8.2,24,  13.0, 999.9,   52.9 ,  36.5*, 0.00G,999.9, 000000,
035600,99999, 20150420,   46.0,22,   39.9,22, 1030.5,22, 1019.9,22,  10.0,22,   6.4,22,   9.9, 999.9,   61.7 ,  31.6 , 0.00G,999.9, 110000,
035600,99999, 20150421,   48.1,23,   39.3,23, 1035.0,23, 1024.4,23,  15.0,23,   8.3,23,  13.0, 999.9,   61.2 ,  34.2 , 0.00G,999.9, 000000,
035600,99999, 20150422,   47.4,24,   42.4,24, 1031.2,24, 1020.6,24,  16.3,24,   8.1,24,  13.0, 999.9,   58.6 ,  35.1 , 0.00G,999.9, 111000,
035600,99999, 20150423,   48.1,24,   41.5,24, 1020.3,24, 1009.9,24,  15.5,24,   4.1,24,   7.0, 999.9,   58.8 ,  38.5 , 0.00G,999.9, 000000,
035600,99999, 20150424,   52.0,24,   44.8,24, 1010.4,24, 1000.1,24,  11.8,24,   7.7,24,  13.0, 999.9,   61.7 ,  39.2 , 0.00G,999.9, 010000,
035600,99999, 20150425,   54.0,23,   48.0,23, 1004.8,23,  994.7,23,  17.0,23,   9.4,23,  15.0, 999.9,   63.0 ,  44.4*, 0.00G,999.9, 010000,
035600,99999, 20150426,   45.7,24,   37.0,24, 1008.6,24,  998.2,24,  21.3,24,   7.0,24,  11.1, 999.9,   53.4 ,  39.4*, 0.16G,999.9, 010000,
035600,99999, 20150427,   43.5,23,   30.5,23, 1011.4,23, 1001.0,23,  27.2,23,   6.1,23,  11.1, 999.9,   53.4 ,  31.8 , 0.00G,999.9, 010000,
035600,99999, 20150428,   44.8,24,   31.0,24, 1015.4,24, 1004.9,24,  25.2,24,  10.3,24,  17.1, 999.9,   54.0 ,  34.3 , 0.00G,999.9, 000000,
035600,99999, 20150429,   46.6,23,   36.3,23, 1011.5,23, 1001.1,23,  25.2,23,  11.1,23,  17.1, 999.9,   55.8 ,  40.8*, 0.00G,999.9, 010000,
035600,99999, 20150430,   45.3,24,   37.6,24, 1010.8,24, 1000.4,24,  24.4,24,   9.0,24,  14.0, 999.9,   55.0 ,  36.1 , 0.09G,999.9, 010000,
035600,99999, 20150501,   42.9,24,   36.1,24, 1011.7,24, 1001.2,24,  20.2,24,   9.0,24,  13.0, 999.9,   53.1 ,  34.0 , 0.00G,999.9, 000000,
035600,99999, 20150502,   45.4,23,   38.6,23, 1010.0,23,  999.6,23,  23.2,23,  10.1,23,  15.0, 999.9,   56.3 ,  33.8 , 0.00G,999.9, 010000,
035600,99999, 20150503,   53.8,21,   52.1,21,  997.3,21,  987.2,21,  15.1,21,  11.5,21,  15.0, 999.9,   66.4 ,  45.7 , 0.05G,999.9, 010000,
035600,99999, 20150504,   54.8,24,   47.5,24, 1001.1,24,  991.0,24,  20.0,24,   8.5,24,  13.0, 999.9,   62.8 ,  48.6 , 0.35G,999.9, 010000,
035600,99999, 20150505,   54.9,24,   48.2,24,  992.8,24,  982.8,24,  12.3,24,  16.8,24,  25.1, 999.9,   58.5 ,  50.9*, 0.38G,999.9, 010000,
035600,99999, 20150506,   50.8,24,   44.7,24, 1001.7,24,  991.5,24,  21.2,24,  16.1,24,  22.9, 999.9,   55.8 ,  46.2 , 0.14G,999.9, 010000,
035600,99999, 20150507,   50.8,24,   45.1,24, 1014.8,24, 1004.5,24,  19.2,24,   6.1,24,  11.1, 999.9,   60.6 ,  43.5 , 0.06G,999.9, 010000,
035600,99999, 20150508,   51.6,24,   47.8,24, 1012.7,24, 1002.4,24,  14.2,24,   6.7,24,  13.0, 999.9,   58.8 ,  41.9 , 0.02G,999.9, 110000,
035600,99999, 20150509,   52.4,23,   45.0,23, 1014.6,23, 1004.3,23,  25.2,23,  11.9,23,  18.1, 999.9,   60.3 ,  44.1*, 0.02G,999.9, 010000,
035600,99999, 20150510,   53.3,23,   48.1,23, 1022.0,23, 1011.7,23,  19.2,23,   8.0,23,  14.0, 999.9,   64.8 ,  42.3 , 0.00G,999.9, 000000,
035600,99999, 20150511,   57.9,22,   50.4,22, 1016.8,22, 1006.6,22,  19.5,22,   7.6,22,  13.0, 999.9,   67.3 ,  50.5 , 0.00G,999.9, 000000,
035600,99999, 20150512,   53.6,23,   43.4,23, 1017.9,23, 1007.6,23,  20.4,23,   9.7,23,  15.0, 999.9,   61.7 ,  46.8*, 0.00G,999.9, 010000,
035600,99999, 20150513,   50.1,23,   43.5,23, 1019.5,23, 1009.2,23,  18.9,23,   5.3,23,   8.0, 999.9,   60.6 ,  39.9 , 0.03G,999.9, 000000,
035600,99999, 20150514,   45.3,24,   45.0,24, 1014.2,24, 1003.7,24,  13.4,24,   8.9,24,  13.0, 999.9,   49.6 ,  38.1 , 0.00G,999.9, 010000,
035600,99999, 20150515,   49.6,23,   43.8,23, 1020.9,23, 1010.5,23,  24.5,23,   7.0,23,  11.1, 999.9,   58.1 ,  40.1 , 0.18G,999.9, 010000,
035600,99999, 20150516,   55.1,24,   45.7,24, 1023.3,24, 1013.0,24,  20.0,24,  10.9,24,  18.1, 999.9,   61.7 ,  46.9*, 0.00G,999.9, 000000,
035600,99999, 20150517,   50.1,22,   41.5,22, 1023.8,22, 1013.4,22,  25.2,22,   8.0,22,  12.0, 999.9,   59.4 ,  40.3 , 0.00G,999.9, 000000,
035600,99999, 20150518,   49.1,24,   45.2,24, 1005.1,24,  994.9,24,  19.9,24,   9.6,24,  19.0, 999.9,   56.5 ,  43.9*, 0.05G,999.9, 010000,
035600,99999, 20150519,   46.4,24,   43.0,24, 1003.7,24,  993.4,24,  24.6,24,  10.1,24,  15.9, 999.9,   56.3 ,  40.8*, 0.51G,999.9, 010000,
035600,99999, 20150520,   48.0,23,   42.8,23, 1016.3,23, 1005.9,23,  24.9,23,  11.0,23,  18.1, 999.9,   58.3 ,  38.7 , 0.06G,999.9, 010000,
035600,99999, 20150521,   53.2,24,   45.2,24, 1025.1,24, 1014.8,24,  22.4,24,   7.4,24,  12.0, 999.9,   64.4 ,  39.9 , 0.00G,999.9, 000000,
035600,99999, 20150522,   56.9,23,   52.7,23, 1024.7,23, 1014.4,23,  18.0,23,   6.5,23,  11.1, 999.9,   68.0 ,  47.8 , 0.00G,999.9, 000000,
035600,99999, 20150523,   54.5,24,   51.4,24, 1024.6,24, 1014.3,24,  15.6,24,   6.0,24,   8.9, 999.9,   59.9 ,  49.1*, 0.00G,999.9, 000000,
035600,99999, 20150524,   54.6,24,   52.5,24, 1019.6,24, 1009.3,24,  18.0,24,   7.8,24,  11.1, 999.9,   64.9 ,  46.4*, 0.00G,999.9, 010000,
035600,99999, 20150525,   51.2,24,   45.8,24, 1019.8,24, 1009.4,24,  20.4,24,   7.1,24,   9.9, 999.9,   58.1 ,  43.0 , 0.01G,999.9, 010000,
035600,99999, 20150526,   53.4,24,   46.0,24, 1023.5,24, 1013.1,24,  20.5,24,   9.2,24,  12.0, 999.9,   63.9 ,  45.7 , 0.00G,999.9, 000000,
035600,99999, 20150527,   52.7,23,   43.9,23, 1021.6,23, 1011.2,23,  21.9,23,   8.4,23,  13.0, 999.9,   62.1 ,  39.9 , 0.00G,999.9, 010000,
035600,99999, 20150528,   53.5,24,   41.6,24, 1013.5,24, 1003.2,24,  24.0,24,  10.2,24,  15.0, 999.9,   61.5 ,  46.0*, 0.00G,999.9, 010000,
035600,99999, 20150529,   49.4,23,   43.2,23, 1007.3,23,  997.1,23,  23.5,23,   9.7,23,  17.1, 999.9,   57.4 ,  43.9*, 0.00G,999.9, 010000,
035600,99999, 20150530,   51.4,22,   40.4,22, 1012.5,22, 1002.2,22,  28.1,22,   7.0,22,  12.0, 999.9,   60.1 ,  42.3 , 0.18G,999.9, 000000,
035600,99999, 20150531,   52.6,23,   47.7,23, 1006.2,23,  996.0,23,  22.4,23,  10.5,23,  14.0, 999.9,   59.4 ,  41.5*, 0.06G,999.9, 010000,
035600,99999, 20150601,   49.3,23,   43.2,23, 1012.8,15, 1002.5,15,  19.3,23,  12.4,23,  22.0, 999.9,   58.6 ,  40.8 , 0.02G,999.9, 010000,
035600,99999, 20150602,   57.4,24,   52.1,24, 9999.9, 0, 9999.9, 0,  18.4,24,  16.2,24,  24.1, 999.9,   65.5 ,  49.1 , 0.05G,999.9, 010000,
035600,99999, 20150603,   56.2,22,   44.0,22, 1024.7,10, 1014.4,10,  22.2,22,   7.9,22,  13.0, 999.9,   65.3 ,  48.4 , 0.04G,999.9, 000000,
035600,99999, 20150604,   57.2,22,   46.0,22, 1024.0,22, 1013.7,22,  21.6,22,   6.3,22,  12.0, 999.9,   70.0 ,  43.0 , 0.00G,999.9, 000000,
035600,99999, 20150605,   60.0,17,   53.9,17, 1014.7,17, 1004.5,17,  11.9,17,   7.6,17,  14.0, 999.9,   73.2 ,  48.7 , 0.00G,999.9, 010000,
035600,99999, 20150610,   52.1,19,   44.1,19, 1029.5,19, 1019.1,19,  26.9,19,  10.0,19,  14.0, 999.9,   61.3 ,  41.4 , 0.00G,999.9, 000000,
035600,99999, 20150611,   57.7,23,   46.5,23, 1020.2,23, 1010.0,23,  16.8,23,   9.1,23,  12.0, 999.9,   72.0 ,  42.4 , 0.01G,999.9, 100000,
035600,99999, 20150612,   59.5,24,   53.2,24, 1010.4,24, 1000.3,24,  11.0,24,   9.7,24,  13.0, 999.9,   73.2 ,  46.9 , 0.00G,999.9, 010000,
035600,99999, 20150613,   55.9,24,   54.9,24, 1008.8,24,  998.6,24,   2.1,24,   4.2,24,   8.0, 999.9,   57.4 ,  55.2*, 0.02G,999.9, 110000,
035600,99999, 20150614,   54.6,24,   50.7,24, 1014.2,24, 1003.9,24,  14.8,24,   7.8,24,  13.0, 999.9,   61.0 ,  49.3*, 0.38G,999.9, 100000,
035600,99999, 20150615,   52.9,22,   44.0,22, 1022.7,22, 1012.3,22,  24.0,22,   5.9,22,   8.9, 999.9,   64.0 ,  41.9 , 0.00G,999.9, 000000,
035600,99999, 20150616,   59.7,23,   49.0,23, 1024.9,23, 1014.7,23,  24.0,23,   4.9,23,   7.0, 999.9,   72.3 ,  46.2 , 0.00G,999.9, 000000,
035600,99999, 20150617,   62.7,24,   56.7,24, 1021.6,24, 1011.4,24,  21.5,24,  10.4,24,  15.9, 999.9,   74.1 ,  50.7 , 0.00G,999.9, 010000,
035600,99999, 20150618,   57.8,24,   47.4,24, 1020.9,24, 1010.6,24,  19.8,24,   9.7,24,  14.0, 999.9,   66.4 ,  49.6 , 0.00G,999.9, 000000,
035600,99999, 20150619,   56.1,24,   47.0,24, 1021.8,24, 1011.5,24,  19.6,24,   9.8,24,  13.0, 999.9,   65.3 ,  48.4 , 0.00G,999.9, 000000,
035600,99999, 20150620,   58.1,24,   54.9,24, 1020.4,24, 1010.1,24,  15.4,24,   4.8,24,   7.0, 999.9,   65.1 ,  48.7 , 0.00G,999.9, 010000,
035600,99999, 20150621,   59.8,24,   48.6,24, 1015.0,24, 1004.9,24,  21.4,24,  10.5,24,  17.1, 999.9,   66.0 ,  53.1*, 0.13G,999.9, 000000,
035600,99999, 20150622,   54.7,23,   47.3,23, 1010.5,23, 1000.3,23,  24.2,23,  10.0,23,  19.0, 999.9,   62.4 ,  50.5 , 0.00G,999.9, 010000,
035600,99999, 20150623,   55.9,24,   47.5,24, 1017.8,24, 1007.6,24,  21.4,24,   7.7,24,  11.1, 999.9,   65.1 ,  48.7 , 0.10G,999.9, 000000,
035600,99999, 20150624,   61.0,24,   48.9,24, 1019.7,24, 1009.5,24,  22.8,24,   6.9,24,  11.1, 999.9,   73.0 ,  47.5 , 0.00G,999.9, 000000,
035600,99999, 20150625,   63.0,24,   52.2,24, 1020.7,24, 1010.6,24,  25.6,24,   5.5,24,   8.0, 999.9,   73.8 ,  50.5 , 0.00G,999.9, 000000,
035600,99999, 20150626,   62.5,23,   53.9,23, 1016.2,23, 1006.1,23,  23.7,23,   7.4,23,  12.0, 999.9,   74.3 ,  54.9 , 0.00G,999.9, 010000,
035600,99999, 20150627,   62.6,23,   50.7,23, 1018.7,23, 1008.5,23,  21.9,23,   6.7,23,  11.1, 999.9,   74.3 ,  50.7 , 0.02G,999.9, 000000,
035600,99999, 20150628,   60.4,24,   53.8,24, 1018.5,24, 1008.3,24,  21.7,24,   8.1,24,  14.0, 999.9,   68.4 ,  55.2*, 0.00G,999.9, 010000,
035600,99999, 20150629,   62.8,23,   51.3,23, 1021.3,23, 1011.2,23,  20.3,23,   5.4,23,   9.9, 999.9,   75.0 ,  50.0 , 0.07G,999.9, 000000,
035600,99999, 20150630,   69.3,23,   52.1,23, 1018.5,23, 1008.5,23,  22.5,23,   6.7,23,  12.0, 999.9,   83.3 ,  53.8 , 0.00G,999.9, 000000,
035600,99999, 20150701,   76.8,24,   60.1,24, 1011.9,24, 1002.1,24,  20.9,24,   8.8,24,  15.0, 999.9,   92.5 ,  58.3 , 0.00G,999.9, 010000,
035600,99999, 20150702,   65.0,23,   57.6,23, 1018.1,23, 1008.0,23,  24.6,23,   7.3,23,  17.1, 999.9,   77.2 ,  54.5*, 0.00G,999.9, 010000,
035600,99999, 20150703,   63.8,22,   52.7,22, 1023.6,22, 1013.5,22,  20.0,22,   6.6,22,  13.0, 999.9,   79.0 ,  47.1 , 0.00G,999.9, 100000,
035600,99999, 20150704,   68.9,24,   59.1,24, 1017.2,24, 1007.2,24,  16.7,24,   7.9,24,  14.0, 999.9,   78.4 ,  59.5 , 0.84G,999.9, 010000,
035600,99999, 20150705,   61.1,23,   51.6,23, 1017.4,23, 1007.2,23,  27.7,23,   4.9,23,  11.1, 999.9,   70.9 ,  54.1 , 0.00G,999.9, 010000,
035600,99999, 20150706,   60.1,23,   50.6,23, 1017.4,23, 1007.2,23,  22.9,23,   7.9,23,  12.0, 999.9,   69.8 ,  46.6 , 0.00G,999.9, 010000,
035600,99999, 20150707,   62.2,24,   52.4,24, 1007.8,24,  997.8,24,  24.2,24,  10.6,24,  17.1, 999.9,   71.8 ,  54.9 , 0.01G,999.9, 010000,
035600,99999, 20150708,   59.0,24,   50.8,24, 1010.7,24, 1000.6,24,  25.6,24,  12.1,24,  21.0, 999.9,   66.4 ,  52.3*, 0.05G,999.9, 010000,
035600,99999, 20150709,   58.8,23,   43.6,23, 1022.0,23, 1011.8,23,  24.9,23,   6.6,23,  12.0, 999.9,   69.4 ,  47.7 , 0.08G,999.9, 000000,
035600,99999, 20150710,   65.0,24,   48.6,24, 1019.1,24, 1009.0,24,  25.6,24,   6.5,24,   9.9, 999.9,   79.0 ,  48.2 , 0.00G,999.9, 000000,
035600,99999, 20150711,   65.5,24,   51.0,24, 1015.9,24, 1005.8,24,  25.0,24,   7.9,24,  12.0, 999.9,   75.0 ,  56.5 , 0.00G,999.9, 010000,
035600,99999, 20150712,   63.4,23,   57.2,23, 1015.2,23, 1005.2,23,  20.1,23,   8.4,23,  15.0, 999.9,   72.7 ,  56.5 , 0.06G,999.9, 010000,
035600,99999, 20150713,   62.1,24,   59.4,24, 1013.8,24, 1003.7,24,  15.9,24,   7.5,24,  13.0, 999.9,   66.2 ,  58.1 , 0.31G,999.9, 010000,
035600,99999, 20150714,   63.7,24,   59.8,24, 1016.4,24, 1006.3,24,  16.5,24,   5.0,24,   8.0, 999.9,   68.9 ,  60.4 , 0.09G,999.9, 010000,
035600,99999, 20150715,   62.3,24,   54.8,24, 1018.2,24, 1008.1,24,  14.7,24,   7.0,24,  11.1, 999.9,   70.9 ,  52.9*, 0.06G,999.9, 010000,
035600,99999, 20150716,   62.1,23,   53.1,23, 1016.6,23, 1006.5,23,  20.3,23,   7.9,23,  11.1, 999.9,   74.7 ,  50.5 , 0.02G,999.9, 010000,
035600,99999, 20150717,   63.8,22,   53.1,22, 1010.8,22, 1000.7,22,  20.6,22,   9.4,22,  15.0, 999.9,   74.5 ,  55.4*, 0.00G,999.9, 110000,
035600,99999, 20150718,   60.8,24,   47.6,24, 1015.3,24, 1005.2,24,  25.1,24,   7.5,24,  13.0, 999.9,   71.8 ,  47.8 , 0.00G,999.9, 000000,
035600,99999, 20150719,   62.7,24,   49.2,24, 1009.8,24,  999.8,24,  27.3,24,   8.6,24,  18.1, 999.9,   72.1 ,  54.9 , 0.03G,999.9, 010000,
035600,99999, 20150720,   63.1,24,   54.8,24, 1009.0,24,  999.0,24,  29.3,24,   8.1,24,  15.0, 999.9,   74.7 ,  49.1 , 0.00G,999.9, 010000,
035600,99999, 20150721,   64.2,24,   51.9,24, 1011.0,24, 1001.0,24,  24.4,24,   9.9,24,  15.9, 999.9,   76.5 ,  52.9 , 0.00G,999.9, 000000,
035600,99999, 20150722,   61.4,22,   52.4,22, 1014.3,22, 1004.2,22,  28.4,22,   8.0,22,  14.0, 999.9,   70.5 ,  53.8*, 0.00G,999.9, 010000,
035600,99999, 20150723,   58.3,22,   46.7,22, 1016.9,22, 1006.7,22,  28.5,22,   5.7,22,   8.9, 999.9,   70.0 ,  47.5 , 0.00G,999.9, 000000,
035600,99999, 20150724,   55.5,24,   51.6,24, 1010.7,24, 1000.5,24,  15.6,24,   7.8,24,  15.0, 999.9,   58.8 ,  53.1*, 0.00G,999.9, 010000,
035600,99999, 20150725,   58.3,22,   47.8,22, 1012.1,22, 1001.9,22,  23.6,22,  10.7,22,  17.1, 999.9,   68.9 ,  51.1 , 0.93G,999.9, 010000,
035600,99999, 20150726,   54.8,24,   51.8,24, 1004.8,24,  994.6,24,  19.0,24,   7.0,24,  14.0, 999.9,   58.6*,  48.0 , 0.00G,999.9, 010000,
035600,99999, 20150727,   60.3,23,   53.7,23,  998.5,23,  988.5,23,  23.1,23,  11.0,23,  17.1, 999.9,   67.1 ,  56.7 , 0.52G,999.9, 010000,
035600,99999, 20150728,   58.2,23,   48.8,23, 1004.5,23,  994.4,23,  28.5,23,  11.4,23,  17.1, 999.9,   64.2 ,  52.7*, 0.01G,999.9, 010000,
035600,99999, 20150729,   55.0,24,   47.7,24, 1010.6,24, 1000.4,24,  30.0,24,   7.8,24,  14.0, 999.9,   65.1 ,  45.5 , 0.05G,999.9, 010000,
035600,99999, 20150730,   55.5,23,   47.0,23, 1018.1,23, 1007.8,23,  27.2,23,   8.1,23,  12.0, 999.9,   64.8 ,  47.7*, 0.00G,999.9, 000000,
035600,99999, 20150731,   57.3,24,   43.7,24, 1018.2,24, 1008.0,24,  26.8,24,   4.3,24,   8.0, 999.9,   69.4 ,  40.8 , 0.00G,999.9, 000000,
035600,99999, 20150801,   58.3,23,   48.4,23, 1015.8,23, 1005.6,23,  27.7,23,   7.0,23,  11.1, 999.9,   69.3 ,  44.4 , 0.00G,999.9, 000000,
035600,99999, 20150802,   63.2,22,   50.1,22, 1016.1,22, 1006.0,22,  23.0,22,   7.4,22,  12.0, 999.9,   76.5 ,  50.2*, 0.00H,999.9, 010000,
035600,99999, 20150803,   65.1,23,   54.0,23, 1009.5,23,  999.5,23,  24.2,23,  10.6,23,  15.9, 999.9,   74.7 ,  54.5 , 0.00G,999.9, 000000,
035600,99999, 20150804,   60.9,23,   50.0,23, 1011.8,23, 1001.7,23,  20.6,23,   9.7,23,  15.0, 999.9,   68.9 ,  52.0 , 0.00G,999.9, 010000,
035600,99999, 20150805,   61.0,24,   51.8,24, 1012.9,24, 1002.8,24,  17.2,24,   8.0,24,  13.0, 999.9,   70.2 ,  55.4*, 0.00G,999.9, 010000,
035600,99999, 20150806,   63.5,24,   53.8,24, 1012.0,24, 1002.0,24,  24.6,24,   7.8,24,  12.0, 999.9,   75.2 ,  53.2 , 0.01G,999.9, 010000,
035600,99999, 20150807,   61.6,24,   50.0,24, 1018.3,24, 1008.1,24,  25.0,24,   4.7,24,   9.9, 999.9,   72.5 ,  51.6 , 0.00G,999.9, 100000,
035600,99999, 20150808,   65.1,24,   53.2,24, 1022.8,24, 1012.6,24,  18.7,24,   4.9,24,   8.9, 999.9,   77.7 ,  52.3 , 0.00G,999.9, 000000,
035600,99999, 20150809,   65.5,23,   51.0,23, 1019.6,23, 1009.5,23,  28.5,23,   6.7,23,  11.1, 999.9,   76.8 ,  51.4*, 0.00E,999.9, 000000,
035600,99999, 20150810,   65.3,24,   58.4,24, 1016.2,24, 1006.2,24,  26.0,24,   9.3,24,  15.0, 999.9,   72.3 ,  56.7*, 0.00G,999.9, 010000,
035600,99999, 20150811,   59.5,24,   50.6,24, 1020.3,24, 1010.1,24,  26.4,24,   3.9,24,   6.0, 999.9,   68.9 ,  49.1 , 0.01G,999.9, 010000,
035600,99999, 20150812,   61.9,24,   51.4,24, 1023.9,24, 1013.7,24,  25.8,24,   7.4,24,  12.0, 999.9,   71.4 ,  54.3 , 0.00G,999.9, 100000,
035600,99999, 20150813,   61.8,23,   58.4,23, 1015.8,23, 1005.7,23,  12.0,23,  10.9,23,  15.0, 999.9,   68.4 ,  57.2*, 0.08E,999.9, 010000,
035600,99999, 20150814,   61.1,24,   60.2,24, 1005.8,24,  995.8,24,   5.6,24,   6.7,24,   9.9, 999.9,   66.0 ,  57.7*, 0.55G,999.9, 110000,
035600,99999, 20150815,   59.0,23,   49.3,23, 1012.1,23, 1001.9,23,  18.2,23,   7.9,23,  12.0, 999.9,   67.5 ,  53.8 , 0.07G,999.9, 010000,
035600,99999, 20150816,   61.1,17,   45.9,17, 1017.7,17, 1007.6,17,  28.5,17,   4.5,17,   7.0, 999.9,   68.2 ,  54.3*, 0.00G,999.9, 100000,
035600,99999, 20150817,   59.2,24,   46.9,24, 1017.8,24, 1007.6,24,  25.9,24,   6.2,24,   9.9, 999.9,   68.5 ,  47.7 , 0.00G,999.9, 100000,
035600,99999, 20150818,   59.6,24,   50.0,24, 1013.7,24, 1003.5,24,  22.9,24,   8.5,24,  14.0, 999.9,   66.7 ,  53.8 , 0.00G,999.9, 010000,
035600,99999, 20150819,   60.0,17,   53.8,17, 1016.0,17, 1005.9,17,  23.2,17,   7.2,17,  14.0, 999.9,   67.3*,  55.9 , 0.00G,999.9, 010000,
035600,99999, 20150820,   64.3,24,   59.8,24, 1018.6,24, 1008.5,24,  18.9,24,   7.4,24,  11.1, 999.9,   70.2 ,  58.6*, 0.00H,999.9, 010000,
035600,99999, 20150821,   68.0,24,   60.3,24, 1018.7,24, 1008.6,24,  29.0,24,   9.9,24,  13.0, 999.9,   76.8 ,  59.4*, 0.00G,999.9, 000000,
035600,99999, 20150822,   70.7,24,   58.2,24, 1013.9,24, 1003.9,24,  23.4,24,   8.4,24,  15.0, 999.9,   86.7 ,  56.1 , 0.00G,999.9, 000000,
035600,99999, 20150823,   65.2,24,   55.3,24, 1002.5,24,  992.5,24,  22.7,24,   9.7,24,  18.1, 999.9,   76.8 ,  54.0*, 0.00G,999.9, 110000,
035600,99999, 20150824,   56.1,24,   54.8,24, 1000.6,24,  990.5,24,  11.4,24,   6.3,24,  11.1, 999.9,   60.4 ,  50.4 , 0.06G,999.9, 110000,
035600,99999, 20150825,   57.8,24,   53.8,24, 1006.5,24,  996.4,24,  23.8,24,   9.4,24,  14.0, 999.9,   64.0 ,  51.1 , 0.31G,999.9, 010000,
035600,99999, 20150826,   61.6,22,   56.7,22, 1002.7,22,  992.7,22,  21.7,22,  11.1,22,  15.9, 999.9,   66.9*,  57.7*, 0.05G,999.9, 010000,
035600,99999, 20150827,   58.8,24,   50.9,24, 1005.9,24,  995.8,24,  23.0,24,   8.4,24,  13.0, 999.9,   66.9 ,  52.5*, 0.10G,999.9, 010000,
035600,99999, 20150828,   59.0,24,   48.4,24, 1015.2,24, 1005.1,24,  26.9,24,   8.0,24,  13.0, 999.9,   69.6 ,  49.1 , 0.00G,999.9, 000000,
035600,99999, 20150829,   61.9,21,   53.0,21, 1019.3,21, 1009.2,21,  24.9,21,   6.0,21,   9.9, 999.9,   72.7 ,  54.1 , 0.00G,999.9, 000000,
035600,99999, 20150830,   59.2,23,   56.7,23, 1018.2,23, 1008.1,23,  12.2,23,   5.7,23,   8.9, 999.9,   62.8 ,  57.0*, 0.20E,999.9, 010000,
035600,99999, 20150831,   56.7,22,   55.6,22, 1014.6,22, 1004.4,22,  13.0,22,   9.1,22,  12.0, 999.9,   59.2 ,  55.4*, 0.31F,999.9, 010000,
035600,99999, 20150901,   57.3,24,   51.5,24, 1017.8,24, 1007.6,24,  18.6,24,   6.6,24,  11.1, 999.9,   65.1 ,  53.2*, 0.00F,999.9, 010000,
035600,99999, 20150902,   54.1,24,   49.2,24, 1017.6,24, 1007.3,24,  21.0,24,   5.6,24,   8.9, 999.9,   63.5 ,  47.3 , 0.00G,999.9, 010000,
035600,99999, 20150903,   52.9,22,   46.0,22, 1015.7,22, 1005.4,22,  30.2,22,   7.0,22,  11.1, 999.9,   61.0 ,  48.2 , 0.00G,999.9, 010000,
035600,99999, 20150904,   54.2,21,   46.4,21, 1017.4,21, 1007.1,21,  29.4,21,   8.3,21,  12.0, 999.9,   59.2 ,  48.4 , 0.00G,999.9, 000000,
035600,99999, 20150905,   51.9,24,   45.2,24, 1022.0,24, 1011.6,24,  21.7,24,   8.5,24,  15.9, 999.9,   61.0 ,  45.0*, 0.01G,999.9, 010000,
035600,99999, 20150906,   53.1,24,   44.5,24, 1028.3,24, 1017.8,24,  23.3,24,   7.5,24,  11.1, 999.9,   66.6 ,  41.4 , 0.03G,999.9, 000000,
035600,99999, 20150907,   53.4,24,   48.6,24, 1031.0,24, 1020.5,24,  24.4,24,   6.5,24,   8.9, 999.9,   61.7 ,  44.1 , 0.00G,999.9, 000000,
035600,99999, 20150908,   53.4,24,   48.9,24, 1028.8,24, 1018.4,24,  23.4,24,   5.5,24,   8.0, 999.9,   60.6 ,  46.2 , 0.00G,999.9, 000000,
035600,99999, 20150909,   56.3,24,   50.2,24, 1023.8,24, 1013.5,24,  22.0,24,   8.5,24,  13.0, 999.9,   67.1 ,  49.6*, 0.00G,999.9, 000000,
035600,99999, 20150910,   57.0,24,   47.0,24, 1021.5,24, 1011.3,24,  16.6,24,   8.3,24,  13.0, 999.9,   71.2 ,  45.3 , 0.00G,999.9, 100000,
035600,99999, 20150911,   58.1,24,   48.5,24, 1015.3,24, 1005.1,24,  15.6,24,   9.5,24,  14.0, 999.9,   71.1 ,  45.7 , 0.00G,999.9, 110000,
035600,99999, 20150912,   59.8,24,   51.7,24, 1007.1,24,  997.0,24,  20.3,24,   9.5,24,  14.0, 999.9,   70.0 ,  50.9*, 0.03G,999.9, 010000,
035600,99999, 20150913,   54.0,23,   45.1,23, 1005.7,23,  995.5,23,  26.5,23,   5.2,23,  11.1, 999.9,   65.7 ,  45.0*, 0.00G,999.9, 000000,
035600,99999, 20150914,   54.4,23,   49.9,23,  994.0,23,  983.9,23,  21.0,23,   9.7,23,  15.0, 999.9,   66.7 ,  44.6 , 0.17G,999.9, 010000,
035600,99999, 20150915,   54.2,24,   49.8,24,  994.6,24,  984.5,24,  20.0,24,   8.3,24,  15.0, 999.9,   65.5 ,  49.1 , 0.07G,999.9, 010000,
035600,99999, 20150916,   53.8,24,   50.7,24,  990.0,24,  980.0,24,  11.1,24,   8.8,24,  15.0, 999.9,   62.8 ,  48.2 , 0.08G,999.9, 110000,
035600,99999, 20150917,   55.3,24,   47.7,24,  998.9,24,  988.9,24,  21.2,24,   8.4,24,  13.0, 999.9,   64.2 ,  46.2 , 0.33G,999.9, 010000,
035600,99999, 20150918,   56.0,22,   51.3,22, 1011.4,22, 1001.2,22,  20.2,22,   6.0,22,  12.0, 999.9,   66.0 ,  50.0*, 0.00G,999.9, 010000,
035600,99999, 20150919,   54.9,24,   48.8,24, 1024.7,24, 1014.4,24,  14.9,24,   4.6,24,   8.0, 999.9,   66.4 ,  46.9 , 0.01G,999.9, 100000,
035600,99999, 20150920,   55.6,23,   49.8,23, 1024.1,23, 1013.7,23,  16.7,23,   5.8,23,   9.9, 999.9,   64.2 ,  46.0 , 0.00G,999.9, 000000,
035600,99999, 20150921,   54.1,24,   51.9,24, 1011.0,24, 1000.8,24,  14.5,24,   6.7,24,  11.1, 999.9,   57.4 ,  48.0*, 0.00G,999.9, 010000,
035600,99999, 20150922,   50.9,24,   48.3,24, 1002.3,24,  992.1,24,  15.5,24,   6.3,24,  11.1, 999.9,   58.3 ,  45.3 , 0.22G,999.9, 010000,
035600,99999, 20150923,   54.5,24,   48.2,24, 1010.6,24, 1000.3,24,  22.2,24,   9.0,24,  14.0, 999.9,   63.3 ,  46.6 , 0.57G,999.9, 010000,
035600,99999, 20150924,   56.3,23,   48.9,23, 1013.0,23, 1002.8,23,  23.2,23,   8.8,23,  14.0, 999.9,   63.0 ,  48.2*, 0.09G,999.9, 010000,
035600,99999, 20150925,   51.6,24,   43.7,24, 1022.5,24, 1012.1,24,  21.8,24,   6.1,24,   9.9, 999.9,   62.2 ,  43.9 , 0.00G,999.9, 000000,
035600,99999, 20150926,   51.1,24,   43.5,24, 1029.3,24, 1018.8,24,  21.3,24,   4.8,24,   7.0, 999.9,   63.5 ,  40.8 , 0.00G,999.9, 000000,
035600,99999, 20150927,   52.5,23,   46.1,23, 1034.7,23, 1024.2,23,  20.5,23,   6.3,23,   8.9, 999.9,   65.5 ,  41.5*, 0.00E,999.9, 100000,
035600,99999, 20150928,   52.9,24,   46.9,24, 1037.3,24, 1026.8,24,  17.3,24,   7.1,24,  12.0, 999.9,   65.8 ,  41.0 , 0.00G,999.9, 100000,
035600,99999, 20150929,   53.8,24,   48.5,24, 1036.2,24, 1025.8,24,  14.5,24,   8.0,24,  12.0, 999.9,   64.8 ,  44.4 , 0.00G,999.9, 100000,
035600,99999, 20150930,   54.1,23,   45.6,23, 1034.4,23, 1024.0,23,  21.6,23,   9.4,23,  14.0, 999.9,   64.9 ,  45.7*, 0.00E,999.9, 000000,
035600,99999, 20151001,   53.8,23,   48.0,23, 1032.4,23, 1022.0,23,  16.6,23,   8.2,23,  13.0, 999.9,   64.9 ,  46.0*, 0.00E,999.9, 000000,
035600,99999, 20151002,   52.9,24,   47.7,24, 1025.4,24, 1015.0,24,  11.2,24,   5.8,24,   8.9, 999.9,   63.3 ,  44.1 , 0.00G,999.9, 100000,
035600,99999, 20151003,   50.7,24,   46.6,24, 1015.8,24, 1005.4,24,   7.3,24,   4.3,24,   7.0, 999.9,   59.9 ,  41.9 , 0.00G,999.9, 100000,
035600,99999, 20151004,   51.8,22,   44.9,22, 1013.7,22, 1003.4,22,   8.2,22,   4.9,22,   8.0, 999.9,   62.8 ,  42.8*, 0.00E,999.9, 000000,
035600,99999, 20151005,   58.2,24,   56.5,24, 1004.0,24,  993.9,24,   8.4,24,  11.0,24,  15.0, 999.9,   64.0 ,  49.6 , 0.00G,999.9, 010000,
035600,99999, 20151006,   59.4,24,   58.0,24,  997.1,24,  987.2,24,  10.6,24,   7.4,24,  12.0, 999.9,   65.5 ,  56.1*, 0.33G,999.9, 010000,
035600,99999, 20151007,   54.8,24,   51.0,24, 1007.8,24,  997.7,24,  16.4,24,   9.6,24,  17.1, 999.9,   59.0 ,  46.2*, 0.50G,999.9, 010000,
035600,99999, 20151008,   51.0,24,   45.1,24, 1020.7,24, 1010.4,24,  26.3,24,   4.9,24,   8.0, 999.9,   62.1 ,  43.0 , 0.00G,999.9, 100000,
035600,99999, 20151009,   50.1,24,   45.1,24, 1023.1,24, 1012.7,24,  15.8,24,   3.5,24,   6.0, 999.9,   62.4 ,  39.6 , 0.00G,999.9, 100000,
035600,99999, 20151010,   49.8,24,   47.9,24, 1021.2,24, 1010.8,24,  11.2,24,   7.3,24,  12.0, 999.9,   59.2 ,  40.6 , 0.00G,999.9, 010000,
035600,99999, 20151011,   49.6,24,   45.2,24, 1018.6,24, 1008.2,24,  10.6,24,   7.4,24,  11.1, 999.9,   57.0 ,  44.2*, 0.00G,999.9, 000000,
035600,99999, 20151012,   48.4,24,   42.7,24, 1020.3,24, 1009.8,24,  16.0,24,   7.6,24,  13.0, 999.9,   56.3 ,  42.4*, 0.00G,999.9, 010000,
035600,99999, 20151013,   48.2,24,   42.2,24, 1024.3,24, 1013.8,24,  22.6,24,  10.6,24,  15.0, 999.9,   56.3 ,  43.2 , 0.01G,999.9, 010000,
035600,99999, 20151014,   47.5,24,   43.6,24, 1024.1,24, 1013.6,24,  25.9,24,  11.1,24,  15.9, 999.9,   55.8 ,  41.9 , 0.01G,999.9, 010000,
035600,99999, 20151015,   49.1,24,   47.4,24, 1022.3,24, 1011.8,24,  10.4,24,   8.4,24,  11.1, 999.9,   53.8 ,  45.5*, 0.04G,999.9, 010000,
035600,99999, 20151016,   50.9,24,   48.0,24, 1022.8,24, 1012.4,24,   9.6,24,  11.5,24,  14.0, 999.9,   55.0 ,  48.7 , 0.06G,999.9, 110000,
035600,99999, 20151017,   50.2,24,   45.8,24, 1021.1,24, 1010.7,24,  18.1,24,  10.1,24,  13.0, 999.9,   54.5 ,  48.2 , 0.00G,999.9, 010000,
035600,99999, 20151018,   51.8,24,   50.5,24, 1021.6,24, 1011.3,24,  12.2,24,   6.9,24,   8.9, 999.9,   55.6 ,  48.7 , 0.03G,999.9, 010000,
035600,99999, 20151019,   51.4,24,   48.5,24, 1025.3,24, 1014.9,24,  16.7,24,   6.2,24,   9.9, 999.9,   56.3 ,  46.8*, 0.01G,999.9, 010000,
035600,99999, 20151020,   49.0,24,   44.8,24, 1026.4,24, 1015.9,24,  16.2,24,   5.7,24,   9.9, 999.9,   58.5 ,  41.9 , 0.02G,999.9, 000000,
035600,99999, 20151021,   53.1,23,   51.7,23, 1016.4,23, 1006.1,23,  17.7,23,   7.1,23,   9.9, 999.9,   59.4 ,  44.2 , 0.09G,999.9, 010000,
035600,99999, 20151022,   52.9,24,   46.1,24, 1016.2,24, 1005.9,24,  23.3,24,   9.3,24,  17.1, 999.9,   58.3 ,  43.2*, 0.10G,999.9, 010000,
035600,99999, 20151023,   48.7,24,   43.3,24, 1020.4,24, 1009.9,24,  15.5,24,   6.1,24,   8.9, 999.9,   55.0 ,  39.7 , 0.00G,999.9, 000000,
035600,99999, 20151024,   49.4,24,   47.5,24, 1014.6,24, 1004.2,24,  17.4,24,   7.5,24,  12.0, 999.9,   55.6 ,  41.7*, 0.00G,999.9, 010000,
035600,99999, 20151025,   43.2,24,   40.0,24, 1024.4,24, 1013.8,24,  19.9,24,   5.5,24,   8.0, 999.9,   53.1 ,  36.7*, 0.17G,999.9, 000000,
035600,99999, 20151026,   49.8,24,   47.1,24, 1015.1,24, 1004.7,24,   7.9,24,   8.4,24,  13.0, 999.9,   60.6 ,  37.8 , 0.00G,999.9, 000000,
035600,99999, 20151027,   55.2,24,   53.0,24, 1009.6,24,  999.5,24,   6.1,24,   7.8,24,  11.1, 999.9,   63.3 ,  51.4 , 0.00G,999.9, 110000,
035600,99999, 20151028,   52.6,24,   51.4,24, 1007.0,24,  996.8,24,   8.2,24,   4.8,24,   8.0, 999.9,   57.9 ,  47.3*, 0.11G,999.9, 010000,
035600,99999, 20151029,   52.6,24,   51.7,24, 1011.2,24, 1001.0,24,   9.2,24,  10.0,24,  17.1, 999.9,   57.6 ,  44.8 , 0.72G,999.9, 110000,
035600,99999, 20151030,   55.5,24,   54.3,24, 1017.3,24, 1007.0,24,  15.7,24,  10.8,24,  18.1, 999.9,   59.2 ,  51.4 , 0.17G,999.9, 010000,
035600,99999, 20151031,   51.1,24,   49.6,24, 1022.4,24, 1012.0,24,   3.1,24,   4.5,24,   9.9, 999.9,   58.8 ,  46.9 , 0.09G,999.9, 100000,
035600,99999, 20151101,   48.9,24,   48.1,24, 1028.2,24, 1017.7,24,   1.8,24,   3.3,24,   5.1, 999.9,   58.1 ,  42.4 , 0.01G,999.9, 100000,
035600,99999, 20151102,   45.8,24,   45.7,24, 1024.3,24, 1013.8,24,   0.4,24,   3.8,24,   8.0, 999.9,   51.3 ,  39.6 , 0.01G,999.9, 110000,
035600,99999, 20151103,   49.8,24,   49.3,24, 1016.0,24, 1005.6,24,   2.4,24,   4.7,24,   7.0, 999.9,   52.9 ,  47.1 , 0.01G,999.9, 110000,
035600,99999, 20151104,   50.9,24,   50.9,24, 1013.4,24, 1003.1,24,   2.2,24,   3.9,24,   7.0, 999.9,   55.0 ,  44.8 , 0.05G,999.9, 110000,
035600,99999, 20151105,   55.9,24,   55.2,24, 1011.5,24, 1001.3,24,  10.6,24,   9.0,24,  14.0, 999.9,   59.2 ,  52.2 , 0.39G,999.9, 010000,
035600,99999, 20151106,   57.8,24,   56.2,24, 1013.1,24, 1002.9,24,  21.6,24,   9.8,24,  13.0, 999.9,   62.2 ,  55.4 , 0.16G,999.9, 010000,
035600,99999, 20151107,   56.5,24,   54.5,24, 1016.3,24, 1006.1,24,  13.6,24,  12.0,24,  22.9, 999.9,   62.1 ,  50.2*, 0.17G,999.9, 010000,
035600,99999, 20151108,   52.6,24,   51.1,24, 1019.0,24, 1008.6,24,  11.6,24,  10.0,24,  17.1, 999.9,   59.4 ,  41.5 , 0.24G,999.9, 110000,
035600,99999, 20151109,   52.9,24,   48.4,24, 1018.2,24, 1007.8,24,  21.4,24,  14.1,24,  19.0, 999.9,   57.4*,  45.3 , 0.02G,999.9, 000000,
035600,99999, 20151110,   58.7,24,   56.1,24, 1019.3,24, 1009.1,24,  22.9,24,  12.8,24,  17.1, 999.9,   61.3 ,  56.1*, 0.00G,999.9, 010000,
035600,99999, 20151111,   55.7,24,   50.9,24, 1019.4,24, 1009.1,24,  25.4,24,  10.7,24,  14.0, 999.9,   59.7 ,  53.6*, 0.00G,999.9, 010000,
035600,99999, 20151112,   53.3,24,   49.7,24, 1018.8,24, 1008.5,24,  21.2,24,  10.8,24,  18.1, 999.9,   59.5 ,  45.3*, 0.00G,999.9, 000000,
035600,99999, 20151113,   46.9,24,   40.2,24, 1018.4,24, 1007.9,24,  18.7,24,  12.8,24,  19.0, 999.9,   54.1*,  41.7*, 0.03G,999.9, 010000,
035600,99999, 20151114,   48.3,24,   45.4,24, 1019.2,24, 1008.8,24,  18.6,24,  11.5,24,  19.0, 999.9,   58.5*,  41.4 , 0.02G,999.9, 010000,
035600,99999, 20151115,   57.8,24,   51.8,24, 1009.1,24,  999.0,24,  19.1,24,  16.8,24,  22.0, 999.9,   59.4 ,  54.1 , 0.17G,999.9, 000000,
035600,99999, 20151116,   52.3,23,   47.2,23, 1007.4,23,  997.1,23,  17.9,23,  11.4,23,  19.0, 999.9,   56.7*,  49.3*, 0.00G,999.9, 010000,
035600,99999, 20151117,   53.3,23,   49.8,23, 1001.2,23,  991.1,23,  10.8,23,  12.9,23,  32.1, 999.9,   60.1 ,  48.9 , 0.14G,999.9, 010000,
035600,99999, 20151118,   52.3,23,   46.3,23, 1008.3,23,  998.1,23,  15.5,23,  15.2,23,  27.0, 999.9,   57.7 ,  46.0 , 0.03G,999.9, 010000,
035600,99999, 20151119,   48.7,24,   43.8,24, 1011.3,24, 1000.9,24,  19.8,24,   9.4,24,  13.0, 999.9,   50.7 ,  45.3*, 0.04G,999.9, 010000,
035600,99999, 20151120,   42.9,24,   37.0,24, 1007.2,24,  996.8,24,  27.8,24,   9.0,24,  15.0, 999.9,   47.5 ,  37.2*, 0.02G,999.9, 010000,
035600,99999, 20151121,   35.7,24,   28.5,24, 1006.8,24,  996.3,24,  24.2,24,  16.8,24,  27.0, 999.9,   40.8 ,  29.3*, 0.00G,999.9, 010000,
035600,99999, 20151122,   32.8,24,   29.9,24, 1015.5,24, 1004.8,24,  16.5,24,   7.0,24,   8.9, 999.9,   42.3 ,  25.9 , 0.08G,999.9, 000000,
035600,99999, 20151123,   36.0,24,   33.0,24, 1022.9,24, 1012.1,24,  11.9,24,   7.5,24,  13.0, 999.9,   42.1 ,  29.8 , 0.00G,999.9, 010000,
035600,99999, 20151124,   44.4,24,   42.7,24, 1010.8,24, 1000.4,24,  12.9,24,   8.5,24,  15.0, 999.9,   46.6 ,  39.6 , 0.22G,999.9, 010000,
035600,99999, 20151125,   44.1,24,   41.2,24, 1011.4,24, 1001.0,24,  20.7,24,   9.8,24,  15.0, 999.9,   50.9 ,  39.7*, 0.13G,999.9, 010000,
035600,99999, 20151126,   46.5,24,   45.3,24, 1019.0,24, 1008.5,24,   9.8,24,   5.9,24,   8.0, 999.9,   50.4 ,  39.0 , 0.01G,999.9, 010000,
035600,99999, 20151127,   49.7,24,   47.8,24, 1009.5,24,  999.2,24,  15.1,24,  11.5,24,  19.0, 999.9,   54.9 ,  39.9*, 0.00G,999.9, 010000,
035600,99999, 20151128,   41.4,24,   37.5,24, 1008.8,24,  998.4,24,  22.1,24,  12.2,24,  19.0, 999.9,   47.5*,  34.3 , 0.11G,999.9, 010000,
035600,99999, 20151129,   49.3,24,   43.2,24, 1005.7,24,  995.4,24,  14.3,24,  15.3,24,  25.1, 999.9,   54.7 ,  45.5*, 0.04G,999.9, 010000,
035600,99999, 20151130,   48.2,24,   44.4,24, 1013.3,24, 1002.9,24,  14.8,24,  11.3,24,  19.0, 999.9,   55.4 ,  40.6 , 0.14G,999.9, 010000,
035600,99999, 20151201,   50.4,24,   46.9,24, 1020.8,24, 1010.4,24,  14.3,24,   8.6,24,  15.0, 999.9,   56.1 ,  44.4 , 0.24G,999.9, 110000,
035600,99999, 20151202,   52.8,24,   46.2,24, 1020.7,24, 1010.4,24,  22.9,24,  12.8,24,  17.1, 999.9,   56.1 ,  50.5 , 0.00G,999.9, 010000,
035600,99999, 20151203,   53.5,24,   50.1,24, 1017.0,24, 1006.7,24,  12.7,24,  14.9,24,  21.0, 999.9,   54.7 ,  51.6*, 0.07G,999.9, 010000,
035600,99999, 20151204,   47.7,23,   42.7,23, 1022.6,23, 1012.2,23,  23.2,23,  13.5,23,  21.0, 999.9,   52.0 ,  40.8*, 0.19G,999.9, 010000,
035600,99999, 20151205,   52.0,24,   44.2,24, 1015.4,24, 1005.1,24,  18.0,24,  21.6,24,  26.0, 999.9,   53.6 ,  50.4 , 0.01G,999.9, 000000,
035600,99999, 20151206,   53.8,24,   48.5,24, 1014.4,24, 1004.2,24,  17.1,24,  13.6,24,  21.0, 999.9,   57.4 ,  49.5*, 0.00G,999.9, 010000,
035600,99999, 20151207,   53.0,23,   51.4,23, 1022.5,23, 1012.2,23,   9.1,23,   9.9,23,  15.0, 999.9,   56.8 ,  49.5 , 0.02G,999.9, 010000,
035600,99999, 20151208,   50.8,24,   45.7,24, 1020.1,24, 1009.8,24,  16.1,24,  12.2,24,  17.1, 999.9,   55.6 ,  43.3*, 0.04G,999.9, 010000,
035600,99999, 20151209,   44.4,22,   39.4,22, 1030.5,22, 1019.9,22,  21.9,22,  11.5,22,  18.1, 999.9,   50.2 ,  37.9 , 0.04G,999.9, 000000,
035600,99999, 20151210,   48.5,24,   43.3,24, 1022.6,24, 1012.1,24,  19.6,24,  12.8,24,  18.1, 999.9,   52.5 ,  44.2*, 0.00G,999.9, 010000,
035600,99999, 20151211,   44.1,23,   40.2,23, 1020.3,23, 1009.8,23,  26.9,23,   8.3,23,  12.0, 999.9,   47.1 ,  37.4*, 0.13G,999.9, 010000,
035600,99999, 20151212,   45.1,24,   42.2,24, 1016.4,24, 1006.0,24,  14.9,24,  12.1,24,  21.0, 999.9,   54.3 ,  35.1 , 0.00G,999.9, 010000,
035600,99999, 20151213,   41.9,24,   41.3,24, 1018.5,24, 1008.0,24,   3.1,24,   5.1,24,   7.0, 999.9,   46.9*,  39.2 , 0.19G,999.9, 110000,
035600,99999, 20151214,   45.3,24,   44.5,24, 1016.0,24, 1005.5,24,   3.7,24,   7.2,24,   8.9, 999.9,   46.8 ,  43.9 , 0.05G,999.9, 010000,
035600,99999, 20151215,   49.2,24,   49.0,24, 1016.0,24, 1005.6,24,   2.7,24,   8.6,24,  12.0, 999.9,   52.5*,  45.3 , 0.09G,999.9, 110000,
035600,99999, 20151216,   55.1,24,   52.8,24, 1016.1,24, 1005.8,24,  18.3,24,  11.2,24,  14.0, 999.9,   57.2 ,  51.1 , 0.15G,999.9, 010000,
035600,99999, 20151217,   55.7,24,   50.1,24, 1014.4,24, 1004.2,24,  11.8,24,  12.9,24,  17.1, 999.9,   59.4 ,  51.4*, 0.00G,999.9, 010000,
035600,99999, 20151218,   52.4,23,   48.9,23, 1016.5,23, 1006.2,23,  12.3,23,  11.0,23,  15.0, 999.9,   55.2 ,  49.5 , 0.01G,999.9, 010000,
035600,99999, 20151219,   57.6,22,   52.1,22, 1009.9,22,  999.8,22,  20.7,22,  14.9,22,  17.1, 999.9,   60.3 ,  52.5 , 0.00G,999.9, 010000,
035600,99999, 20151220,   52.4,24,   45.8,24, 1008.3,24,  998.1,24,  22.6,24,  13.8,24,  21.0, 999.9,   58.3*,  46.0*, 0.00G,999.9, 010000,
035600,99999, 20151221,   47.3,24,   43.4,24, 1012.3,24, 1001.9,24,  20.3,24,  12.9,24,  22.9, 999.9,   54.3 ,  43.3*, 0.00G,999.9, 010000,
035600,99999, 20151222,   54.0,24,   50.6,24, 1010.1,24,  999.9,24,  16.9,24,  16.9,24,  24.1, 999.9,   57.7 ,  46.8 , 0.08G,999.9, 010000,
035600,99999, 20151223,   47.8,24,   42.1,24, 1016.4,24, 1006.0,24,  17.9,24,  12.7,24,  17.1, 999.9,   50.4 ,  44.8*, 0.23G,999.9, 010000,
035600,99999, 20151224,   47.3,24,   41.8,24, 1010.9,24, 1000.5,24,  21.0,24,  15.4,24,  24.1, 999.9,   54.0 ,  39.7*, 0.01G,999.9, 010000,
035600,99999, 20151225,   46.8,24,   43.7,24, 1017.7,24, 1007.3,24,  15.9,24,  11.8,24,  20.0, 999.9,   57.4*,  36.5 , 0.10G,999.9, 010000,
035600,99999, 20151226,   57.0,24,   50.4,24, 1015.0,24, 1004.8,24,  16.0,24,  18.9,24,  22.9, 999.9,   58.6 ,  55.6 , 0.03G,999.9, 010000,
035600,99999, 20151227,   53.2,24,   51.1,24, 1018.4,24, 1008.1,24,   5.8,24,   9.2,24,  22.0, 999.9,   57.2*,  49.5*, 0.09G,999.9, 010000,
035600,99999, 20151228,   49.4,24,   45.7,24, 1016.3,24, 1005.9,24,  14.1,24,  11.1,24,  14.0, 999.9,   53.2 ,  46.6*, 0.31G,999.9, 000000,
035600,99999, 20151229,   49.9,24,   44.8,24, 1016.3,24, 1005.9,24,  20.1,24,  11.8,24,  19.0, 999.9,   52.7 ,  45.9*, 0.00G,999.9, 010000,
035600,99999, 20151230,   52.6,22,   45.6,22, 1008.9,22,  998.7,22,  17.7,22,  21.3,22,  28.9, 999.9,   56.7 ,  45.7 , 0.00G,999.9, 010000,
