Line,Month,Scheduled,Excess,TOTAL,Opened,Length,Type,Stations
Bakerloo,1,29.42,6.04,35.46,1906,23.2,DT,25
Bakerloo,2,29.42,6.54,35.96,1906,23.2,DT,25
Bakerloo,3,29.3,4.77,34.08,1906,23.2,DT,25
Bakerloo,4,29.3,5.4,34.7,1906,23.2,DT,25
Bakerloo,5,29.3,5.23,34.53,1906,23.2,DT,25
Bakerloo,6,29.3,5.03,34.33,1906,23.2,DT,25
Bakerloo,7,29.3,5.14,34.44,1906,23.2,DT,25
Bakerloo,8,29.3,5.73,35.03,1906,23.2,DT,25
Bakerloo,9,29.3,4.8,34.1,1906,23.2,DT,25
Bakerloo,10,29.3,5.95,35.25,1906,23.2,DT,25
Bakerloo,11,29.3,4.76,34.06,1906,23.2,DT,25
Bakerloo,12,29.3,6,35.3,1906,23.2,DT,25
Bakerloo,13,29.3,6.67,35.97,1906,23.2,DT,25
Bakerloo,14,29.3,5.24,34.54,1906,23.2,DT,25
Bakerloo,15,29.3,4.83,34.13,1906,23.2,DT,25
Bakerloo,16,29.3,5.5,34.8,1906,23.2,DT,25
Bakerloo,17,29.3,6.19,35.5,1906,23.2,DT,25
Bakerloo,18,29.3,5.6,34.9,1906,23.2,DT,25
Bakerloo,19,29.3,4.64,33.94,1906,23.2,DT,25
Bakerloo,20,29.3,4.74,34.04,1906,23.2,DT,25
Bakerloo,21,29.46,6.96,36.42,1906,23.2,DT,25
Bakerloo,22,29.3,5.72,35.02,1906,23.2,DT,25
Bakerloo,23,29.28,5.4,34.67,1906,23.2,DT,25
Bakerloo,24,29.28,5.11,34.38,1906,23.2,DT,25
Bakerloo,25,29.28,5.65,34.93,1906,23.2,DT,25
Bakerloo,26,29.28,4.37,33.65,1906,23.2,DT,25
Bakerloo,27,29.26,5.3,34.56,1906,23.2,DT,25
Bakerloo,28,29.26,4.36,33.62,1906,23.2,DT,25
Bakerloo,29,29.26,4.48,33.75,1906,23.2,DT,25
Bakerloo,30,29.26,5.45,34.72,1906,23.2,DT,25
Bakerloo,31,29.26,4.8,34.06,1906,23.2,DT,25
Bakerloo,32,29.26,4.54,33.81,1906,23.2,DT,25
Bakerloo,33,29.26,3.99,33.26,1906,23.2,DT,25
Bakerloo,34,29.26,5.41,34.68,1906,23.2,DT,25
Bakerloo,35,29.26,4.78,34.04,1906,23.2,DT,25
Bakerloo,36,29.26,5.04,34.31,1906,23.2,DT,25
Bakerloo,37,29.26,4.77,34.03,1906,23.2,DT,25
Bakerloo,38,29.26,5.52,34.79,1906,23.2,DT,25
Bakerloo,39,29.26,4.99,34.26,1906,23.2,DT,25
Bakerloo,40,29.23,5.31,34.55,1906,23.2,DT,25
Bakerloo,41,29.23,5.45,34.68,1906,23.2,DT,25
Bakerloo,42,29.23,4.23,33.47,1906,23.2,DT,25
Bakerloo,43,29.47,5.68,35.15,1906,23.2,DT,25
Bakerloo,44,29.72,4.52,34.24,1906,23.2,DT,25
Bakerloo,45,29.72,4.87,34.59,1906,23.2,DT,25
Bakerloo,46,29.72,5.03,34.75,1906,23.2,DT,25
Bakerloo,47,29.72,5.45,35.17,1906,23.2,DT,25
Bakerloo,48,29.72,5.5,35.23,1906,23.2,DT,25
Bakerloo,49,29.51,4.02,33.52,1906,23.2,DT,25
Bakerloo,50,29.51,5.38,34.89,1906,23.2,DT,25
Bakerloo,51,29.51,5.86,35.37,1906,23.2,DT,25
Bakerloo,52,29.51,5.17,34.68,1906,23.2,DT,25
Bakerloo,53,29.57,4.84,34.41,1906,23.2,DT,25
Bakerloo,54,29.57,5.11,34.68,1906,23.2,DT,25
Bakerloo,55,29.51,5.19,34.7,1906,23.2,DT,25
Bakerloo,56,29.08,5.59,34.67,1906,23.2,DT,25
Bakerloo,57,29.08,5.57,34.65,1906,23.2,DT,25
Bakerloo,58,29.08,5.23,34.31,1906,23.2,DT,25
Bakerloo,59,29.08,5.39,34.47,1906,23.2,DT,25
Bakerloo,60,29.08,6.1,35.18,1906,23.2,DT,25
Bakerloo,61,29.08,5.88,34.96,1906,23.2,DT,25
Bakerloo,62,29.08,5.2,34.28,1906,23.2,DT,25
Bakerloo,63,29.08,5.01,34.09,1906,23.2,DT,25
Bakerloo,64,29.08,5.84,34.92,1906,23.2,DT,25
Bakerloo,65,29.08,5.28,34.37,1906,23.2,DT,25
Bakerloo,66,28.92,4.71,33.62,1906,23.2,DT,25
Bakerloo,67,28.92,4.19,33.11,1906,23.2,DT,25
Bakerloo,68,28.92,4.26,33.18,1906,23.2,DT,25
Bakerloo,69,28.92,4.18,33.1,1906,23.2,DT,25
Bakerloo,70,28.92,4.47,33.39,1906,23.2,DT,25
Bakerloo,71,28.92,4.55,33.46,1906,23.2,DT,25
Bakerloo,72,28.92,4.61,33.52,1906,23.2,DT,25
Bakerloo,73,28.92,5.06,33.98,1906,23.2,DT,25
Bakerloo,74,28.92,4.37,33.28,1906,23.2,DT,25
Bakerloo,75,28.92,4.15,33.07,1906,23.2,DT,25
Bakerloo,76,28.92,3.95,32.87,1906,23.2,DT,25
Bakerloo,77,28.92,6.08,35,1906,23.2,DT,25
Bakerloo,78,28.92,4.42,33.34,1906,23.2,DT,25
Bakerloo,79,28.92,4.34,33.26,1906,23.2,DT,25
Bakerloo,80,28.92,4.17,33.08,1906,23.2,DT,25
Bakerloo,81,28.92,5.13,34.05,1906,23.2,DT,25
Bakerloo,82,28.92,3.95,32.86,1906,23.2,DT,25
Bakerloo,83,28.92,3.53,32.45,1906,23.2,DT,25
Bakerloo,84,28.92,5.04,33.96,1906,23.2,DT,25
Bakerloo,85,28.92,4.67,33.59,1906,23.2,DT,25
Bakerloo,86,28.92,3.96,32.87,1906,23.2,DT,25
Bakerloo,87,28.92,4.27,33.19,1906,23.2,DT,25
Bakerloo,88,28.92,4.6,33.52,1906,23.2,DT,25
Bakerloo,89,28.92,4.87,33.78,1906,23.2,DT,25
Bakerloo,90,28.92,4.56,33.48,1906,23.2,DT,25
Bakerloo,91,28.92,4.36,33.27,1906,23.2,DT,25
Bakerloo,92,28.92,4.19,33.11,1906,23.2,DT,25
Bakerloo,93,28.92,4.48,33.39,1906,23.2,DT,25
Bakerloo,94,28.92,4.49,33.41,1906,23.2,DT,25
Bakerloo,95,28.92,4.85,33.76,1906,23.2,DT,25
Bakerloo,96,28.92,5.74,34.65,1906,23.2,DT,25
Bakerloo,97,28.92,5.14,34.06,1906,23.2,DT,25
Bakerloo,98,28.92,5.93,34.84,1906,23.2,DT,25
Bakerloo,99,28.92,5.84,34.76,1906,23.2,DT,25
Bakerloo,100,28.92,6.26,35.18,1906,23.2,DT,25
Bakerloo,101,28.92,5.07,33.98,1906,23.2,DT,25
Bakerloo,102,28.92,4.5,33.42,1906,23.2,DT,25
Bakerloo,103,28.92,4.96,33.88,1906,23.2,DT,25
Bakerloo,104,28.92,4.75,33.66,1906,23.2,DT,25
Bakerloo,105,28.92,5.22,34.13,1906,23.2,DT,25
Central,1,32.62,7.21,39.84,1900,74,DT,49
Central,2,32.62,5.23,37.85,1900,74,DT,49
Central,3,32.62,5.67,38.29,1900,74,DT,49
Central,4,32.62,6.1,38.72,1900,74,DT,49
Central,5,32.62,5.54,38.16,1900,74,DT,49
Central,6,32.62,5.85,38.47,1900,74,DT,49
Central,7,32.62,6.08,38.7,1900,74,DT,49
Central,8,32.62,7.95,40.57,1900,74,DT,49
Central,9,32.62,7.27,39.89,1900,74,DT,49
Central,10,32.62,6.64,39.27,1900,74,DT,49
Central,11,32.62,6.33,38.95,1900,74,DT,49
Central,12,32.62,6.09,38.72,1900,74,DT,49
Central,13,32.62,7.01,39.63,1900,74,DT,49
Central,14,32.62,6.33,38.96,1900,74,DT,49
Central,15,32.62,6.78,39.41,1900,74,DT,49
Central,16,32.04,7.04,39.08,1900,74,DT,49
Central,17,32.04,10.1,42.14,1900,74,DT,49
Central,18,32.04,6.91,38.95,1900,74,DT,49
Central,19,32.04,5.74,37.78,1900,74,DT,49
Central,20,32.04,6.17,38.21,1900,74,DT,49
Central,21,32.04,6.79,38.83,1900,74,DT,49
Central,22,32.04,5.45,37.49,1900,74,DT,49
Central,23,32.04,4.95,36.99,1900,74,DT,49
Central,24,32.04,5.36,37.4,1900,74,DT,49
Central,25,32.04,6.18,38.22,1900,74,DT,49
Central,26,32.04,5.68,37.71,1900,74,DT,49
Central,27,32.02,4.69,36.71,1900,74,DT,49
Central,28,32.43,4.78,37.21,1900,74,DT,49
Central,29,32.59,6.47,39.07,1900,74,DT,49
Central,30,32.59,8.2,40.79,1900,74,DT,49
Central,31,32.44,5.28,37.73,1900,74,DT,49
Central,32,32.44,6.05,38.49,1900,74,DT,49
Central,33,32.44,5.34,37.79,1900,74,DT,49
Central,34,32.44,5.71,38.16,1900,74,DT,49
Central,35,32.44,6.16,38.61,1900,74,DT,49
Central,36,32.44,4.4,36.85,1900,74,DT,49
Central,37,32.44,5.99,38.43,1900,74,DT,49
Central,38,32.44,4.66,37.1,1900,74,DT,49
Central,39,32.44,4.91,37.35,1900,74,DT,49
Central,40,32.45,4.12,36.57,1900,74,DT,49
Central,41,32.45,4.54,36.99,1900,74,DT,49
Central,42,31.87,6.97,38.85,1900,74,DT,49
Central,43,31.87,7.23,39.1,1900,74,DT,49
Central,44,32.42,6.14,38.56,1900,74,DT,49
Central,45,32.42,4.93,37.35,1900,74,DT,49
Central,46,32.42,7.27,39.7,1900,74,DT,49
Central,47,32.42,7.72,40.14,1900,74,DT,49
Central,48,31.87,9.49,41.36,1900,74,DT,49
Central,49,31.57,5.3,36.87,1900,74,DT,49
Central,50,31.57,6.35,37.92,1900,74,DT,49
Central,51,31.57,6.55,38.12,1900,74,DT,49
Central,52,31.57,4.99,36.56,1900,74,DT,49
Central,53,31.72,6.09,37.81,1900,74,DT,49
Central,54,31.72,5.4,37.11,1900,74,DT,49
Central,55,31.72,6.14,37.86,1900,74,DT,49
Central,56,31.72,7.26,38.98,1900,74,DT,49
Central,57,31.72,5.11,36.83,1900,74,DT,49
Central,58,31.72,9.42,41.14,1900,74,DT,49
Central,59,31.72,6.26,37.98,1900,74,DT,49
Central,60,31.72,6.64,38.36,1900,74,DT,49
Central,61,31.72,6.41,38.13,1900,74,DT,49
Central,62,31.72,5.68,37.39,1900,74,DT,49
Central,63,31.72,5.54,37.26,1900,74,DT,49
Central,64,32.96,6.3,39.26,1900,74,DT,49
Central,65,32.96,5.7,38.66,1900,74,DT,49
Central,66,33.81,5.18,38.99,1900,74,DT,49
Central,67,33.81,5.51,39.32,1900,74,DT,49
Central,68,33.81,4.85,38.66,1900,74,DT,49
Central,69,33.81,5.58,39.39,1900,74,DT,49
Central,70,33.81,4.89,38.69,1900,74,DT,49
Central,71,33.81,4.22,38.03,1900,74,DT,49
Central,72,33.46,5.2,38.66,1900,74,DT,49
Central,73,32.57,5.92,38.49,1900,74,DT,49
Central,74,32.57,5.16,37.73,1900,74,DT,49
Central,75,32.57,4.29,36.85,1900,74,DT,49
Central,76,32.57,5.09,37.66,1900,74,DT,49
Central,77,32.57,6.34,38.9,1900,74,DT,49
Central,78,32.57,5.83,38.39,1900,74,DT,49
Central,79,32.57,4.83,37.39,1900,74,DT,49
Central,80,32.57,4.62,37.18,1900,74,DT,49
Central,81,32.57,8.41,40.98,1900,74,DT,49
Central,82,32.57,4.79,37.36,1900,74,DT,49
Central,83,32.57,4.65,37.22,1900,74,DT,49
Central,84,32.57,4.49,37.06,1900,74,DT,49
Central,85,32.57,5.18,37.75,1900,74,DT,49
Central,86,32.57,5.69,38.26,1900,74,DT,49
Central,87,32.57,6.07,38.64,1900,74,DT,49
Central,88,32.57,4.81,37.37,1900,74,DT,49
Central,89,32.57,4.95,37.52,1900,74,DT,49
Central,90,32.57,6.15,38.72,1900,74,DT,49
Central,91,32.57,5.23,37.8,1900,74,DT,49
Central,92,31.77,5.35,37.12,1900,74,DT,49
Central,93,31.77,5.63,37.41,1900,74,DT,49
Central,94,31.77,5.41,37.19,1900,74,DT,49
Central,95,32.06,5.55,37.6,1900,74,DT,49
Central,96,32.15,4.68,36.83,1900,74,DT,49
Central,97,32.15,8.12,40.27,1900,74,DT,49
Central,98,32.15,8.36,40.51,1900,74,DT,49
Central,99,32.15,7.87,40.03,1900,74,DT,49
Central,100,32.15,8.42,40.58,1900,74,DT,49
Central,101,32.15,5.54,37.69,1900,74,DT,49
Central,102,32.15,5.95,38.1,1900,74,DT,49
Central,103,32.15,6.17,38.32,1900,74,DT,49
Central,104,32.15,5.94,38.09,1900,74,DT,49
Central,105,32.15,6.3,38.46,1900,74,DT,49
Circle & Ham,1,28.06,7.5,35.56,1884,52.7,SS,65
Circle & Ham,2,28.06,7.92,35.98,1884,52.7,SS,65
Circle & Ham,3,28.06,8.46,36.52,1884,52.7,SS,65
Circle & Ham,4,28.06,6.94,35,1884,52.7,SS,65
Circle & Ham,5,28.06,7.76,35.82,1884,52.7,SS,65
Circle & Ham,6,28.06,8.19,36.25,1884,52.7,SS,65
Circle & Ham,7,28.06,8.03,36.09,1884,52.7,SS,65
Circle & Ham,8,28.07,8.13,36.2,1884,52.7,SS,65
Circle & Ham,9,28.07,8.42,36.49,1884,52.7,SS,65
Circle & Ham,10,28.07,8.49,36.56,1884,52.7,SS,65
Circle & Ham,11,28.07,7.16,35.23,1884,52.7,SS,65
Circle & Ham,12,28.07,7.49,35.56,1884,52.7,SS,65
Circle & Ham,13,28.07,7.15,35.22,1884,52.7,SS,65
Circle & Ham,14,28.07,7.53,35.6,1884,52.7,SS,65
Circle & Ham,15,28.07,6.61,34.68,1884,52.7,SS,65
Circle & Ham,16,28.07,6.63,34.7,1884,52.7,SS,65
Circle & Ham,17,28.07,7.14,35.21,1884,52.7,SS,65
Circle & Ham,18,28.07,6.52,34.59,1884,52.7,SS,65
Circle & Ham,19,28.07,6.23,34.3,1884,52.7,SS,65
Circle & Ham,20,28.07,7.3,35.37,1884,52.7,SS,65
Circle & Ham,21,28.07,7.59,35.66,1884,52.7,SS,65
Circle & Ham,22,28.07,7.01,35.08,1884,52.7,SS,65
Circle & Ham,23,28.07,6.92,34.99,1884,52.7,SS,65
Circle & Ham,24,28.07,6.62,34.69,1884,52.7,SS,65
Circle & Ham,25,28.07,7.47,35.54,1884,52.7,SS,65
Circle & Ham,26,28.07,6.74,34.81,1884,52.7,SS,65
Circle & Ham,27,28.01,6.28,34.29,1884,52.7,SS,65
Circle & Ham,28,28.01,6.62,34.64,1884,52.7,SS,65
Circle & Ham,29,28.01,5.99,34.01,1884,52.7,SS,65
Circle & Ham,30,28.01,16.08,44.09,1884,52.7,SS,65
Circle & Ham,31,28.01,11.38,39.39,1884,52.7,SS,65
Circle & Ham,32,28.01,6.88,34.9,1884,52.7,SS,65
Circle & Ham,33,28.01,6.73,34.74,1884,52.7,SS,65
Circle & Ham,34,28.01,6.95,34.96,1884,52.7,SS,65
Circle & Ham,35,28.01,6.85,34.86,1884,52.7,SS,65
Circle & Ham,36,28.01,6.83,34.84,1884,52.7,SS,65
Circle & Ham,37,28.06,5.84,33.9,1884,52.7,SS,65
Circle & Ham,38,28.06,6.03,34.09,1884,52.7,SS,65
Circle & Ham,39,28.06,6.65,34.71,1884,52.7,SS,65
Circle & Ham,40,28.02,6.48,34.5,1884,52.7,SS,65
Circle & Ham,41,28.02,7.59,35.61,1884,52.7,SS,65
Circle & Ham,42,28.02,7.33,35.35,1884,52.7,SS,65
Circle & Ham,43,28.02,8.36,36.38,1884,52.7,SS,65
Circle & Ham,44,28.02,7.17,35.19,1884,52.7,SS,65
Circle & Ham,45,28.02,6.49,34.51,1884,52.7,SS,65
Circle & Ham,46,28.02,8.39,36.41,1884,52.7,SS,65
Circle & Ham,47,28.02,8.04,36.06,1884,52.7,SS,65
Circle & Ham,48,28.02,8.39,36.41,1884,52.7,SS,65
Circle & Ham,49,28.02,7.33,35.35,1884,52.7,SS,65
Circle & Ham,50,28.02,8.79,36.81,1884,52.7,SS,65
Circle & Ham,51,28.02,8.27,36.29,1884,52.7,SS,65
Circle & Ham,52,28.02,7.44,35.46,1884,52.7,SS,65
Circle & Ham,53,28.64,6.39,35.02,1884,52.7,SS,65
Circle & Ham,54,28.64,6.26,34.89,1884,52.7,SS,65
Circle & Ham,55,28.64,6.51,35.14,1884,52.7,SS,65
Circle & Ham,56,28.64,7.8,36.43,1884,52.7,SS,65
Circle & Ham,57,28.64,8.19,36.83,1884,52.7,SS,65
Circle & Ham,58,28.64,7.93,36.56,1884,52.7,SS,65
Circle & Ham,59,28.64,7.08,35.71,1884,52.7,SS,65
Circle & Ham,60,28.64,7.07,35.71,1884,52.7,SS,65
Circle & Ham,61,28.64,8.7,37.34,1884,52.7,SS,65
Circle & Ham,62,28.64,7.17,35.8,1884,52.7,SS,65
Circle & Ham,63,28.64,7.29,35.93,1884,52.7,SS,65
Circle & Ham,64,28.64,8.2,36.84,1884,52.7,SS,65
Circle & Ham,65,28.64,8.05,36.68,1884,52.7,SS,65
Circle & Ham,66,28.72,7.51,36.22,1884,52.7,SS,65
Circle & Ham,67,28.72,7.67,36.39,1884,52.7,SS,65
Circle & Ham,68,28.72,7.93,36.64,1884,52.7,SS,65
Circle & Ham,69,28.72,7.6,36.31,1884,52.7,SS,65
Circle & Ham,70,28.72,7.63,36.35,1884,52.7,SS,65
Circle & Ham,71,28.72,6.84,35.56,1884,52.7,SS,65
Circle & Ham,72,28.72,7.89,36.61,1884,52.7,SS,65
Circle & Ham,73,28.72,7.79,36.5,1884,52.7,SS,65
Circle & Ham,74,28.72,7.29,36.01,1884,52.7,SS,65
Circle & Ham,75,28.72,6.47,35.19,1884,52.7,SS,65
Circle & Ham,76,28.72,6.56,35.28,1884,52.7,SS,65
Circle & Ham,77,28.72,7.73,36.45,1884,52.7,SS,65
Circle & Ham,78,28.72,6.32,35.04,1884,52.7,SS,65
Circle & Ham,79,28.72,6.16,34.88,1884,52.7,SS,65
Circle & Ham,80,28.72,5.2,33.92,1884,52.7,SS,65
Circle & Ham,81,28.72,7.2,35.92,1884,52.7,SS,65
Circle & Ham,82,28.72,6.54,35.26,1884,52.7,SS,65
Circle & Ham,83,28.72,6.31,35.03,1884,52.7,SS,65
Circle & Ham,84,28.72,6.19,34.91,1884,52.7,SS,65
Circle & Ham,85,28.72,6.83,35.55,1884,52.7,SS,65
Circle & Ham,86,28.72,6.01,34.73,1884,52.7,SS,65
Circle & Ham,87,28.72,7.28,36,1884,52.7,SS,65
Circle & Ham,88,31,5.4,36.39,1884,52.7,SS,65
Circle & Ham,89,31,6.88,37.88,1884,52.7,SS,65
Circle & Ham,90,31,7.32,38.32,1884,52.7,SS,65
Circle & Ham,91,31,6.37,37.37,1884,52.7,SS,65
Circle & Ham,92,31.47,5.81,37.27,1884,52.7,SS,65
Circle & Ham,93,31.47,4.68,36.14,1884,52.7,SS,65
Circle & Ham,94,31.47,5.69,37.16,1884,52.7,SS,65
Circle & Ham,95,31.58,7.35,38.93,1884,52.7,SS,65
Circle & Ham,96,36.03,4.48,40.51,1884,52.7,SS,65
Circle & Ham,97,31.47,6.65,38.11,1884,52.7,SS,65
Circle & Ham,98,31.47,6.35,37.82,1884,52.7,SS,65
Circle & Ham,99,31.47,7.69,39.16,1884,52.7,SS,65
Circle & Ham,100,31.47,6.86,38.33,1884,52.7,SS,65
Circle & Ham,101,31.47,5.84,37.31,1884,52.7,SS,65
Circle & Ham,102,31.47,6.26,37.72,1884,52.7,SS,65
Circle & Ham,103,31.47,6.48,37.95,1884,52.7,SS,65
Circle & Ham,104,31.47,5.54,37.01,1884,52.7,SS,65
Circle & Ham,105,31.47,6.07,37.54,1884,52.7,SS,65
District,1,29.95,4.74,34.69,1868,64,SS,60
District,2,29.95,5.06,35,1868,64,SS,60
District,3,29.95,6.02,35.97,1868,64,SS,60
District,4,29.95,5.56,35.51,1868,64,SS,60
District,5,29.95,4.86,34.81,1868,64,SS,60
District,6,29.95,4.79,34.73,1868,64,SS,60
District,7,29.95,5,34.95,1868,64,SS,60
District,8,29.99,4.96,34.95,1868,64,SS,60
District,9,29.99,6.27,36.26,1868,64,SS,60
District,10,29.99,4.99,34.97,1868,64,SS,60
District,11,29.99,5.38,35.37,1868,64,SS,60
District,12,29.99,5.44,35.43,1868,64,SS,60
District,13,29.99,5.45,35.43,1868,64,SS,60
District,14,29.99,6.01,35.99,1868,64,SS,60
District,15,29.99,5.76,35.75,1868,64,SS,60
District,16,30,4.51,34.51,1868,64,SS,60
District,17,30,6.4,36.4,1868,64,SS,60
District,18,30,5.29,35.29,1868,64,SS,60
District,19,30,5.2,35.2,1868,64,SS,60
District,20,30,5.05,35.05,1868,64,SS,60
District,21,30,5.92,35.92,1868,64,SS,60
District,22,30,5.78,35.78,1868,64,SS,60
District,23,30,3.89,33.89,1868,64,SS,60
District,24,30,5.73,35.73,1868,64,SS,60
District,25,30,6.96,36.96,1868,64,SS,60
District,26,30,5.73,35.73,1868,64,SS,60
District,27,29.97,5.67,35.64,1868,64,SS,60
District,28,29.97,5.26,35.23,1868,64,SS,60
District,29,29.97,6.7,36.67,1868,64,SS,60
District,30,29.97,7.61,37.59,1868,64,SS,60
District,31,29.97,5.37,35.34,1868,64,SS,60
District,32,29.97,5.4,35.37,1868,64,SS,60
District,33,29.97,5.09,35.06,1868,64,SS,60
District,34,29.97,5.17,35.14,1868,64,SS,60
District,35,29.97,7.09,37.06,1868,64,SS,60
District,36,29.97,5.01,34.98,1868,64,SS,60
District,37,29.97,5.65,35.62,1868,64,SS,60
District,38,29.97,6.26,36.24,1868,64,SS,60
District,39,29.97,6.32,36.3,1868,64,SS,60
District,40,29.97,5.47,35.44,1868,64,SS,60
District,41,29.97,6.91,36.88,1868,64,SS,60
District,42,29.97,6.25,36.22,1868,64,SS,60
District,43,29.97,6.87,36.84,1868,64,SS,60
District,44,29.97,5.62,35.59,1868,64,SS,60
District,45,29.97,4.99,34.96,1868,64,SS,60
District,46,29.97,6.94,36.91,1868,64,SS,60
District,47,29.97,6.95,36.92,1868,64,SS,60
District,48,29.97,7.74,37.71,1868,64,SS,60
District,49,29.97,4.84,34.81,1868,64,SS,60
District,50,29.97,7.35,37.32,1868,64,SS,60
District,51,29.97,6.72,36.68,1868,64,SS,60
District,52,29.97,7.01,36.98,1868,64,SS,60
District,53,29.92,5.61,35.53,1868,64,SS,60
District,54,29.92,6,35.91,1868,64,SS,60
District,55,29.92,7.1,37.02,1868,64,SS,60
District,56,29.92,6.03,35.95,1868,64,SS,60
District,57,29.92,6.09,36.01,1868,64,SS,60
District,58,29.92,8.69,38.61,1868,64,SS,60
District,59,29.92,6.57,36.49,1868,64,SS,60
District,60,29.92,6.58,36.5,1868,64,SS,60
District,61,29.92,6.72,36.64,1868,64,SS,60
District,62,29.92,4.15,34.07,1868,64,SS,60
District,63,29.92,6.98,36.9,1868,64,SS,60
District,64,29.92,5.39,35.3,1868,64,SS,60
District,65,29.92,5.48,35.4,1868,64,SS,60
District,66,29.94,4.27,34.22,1868,64,SS,60
District,67,29.94,4.4,34.34,1868,64,SS,60
District,68,29.94,4.91,34.86,1868,64,SS,60
District,69,29.94,6.14,36.08,1868,64,SS,60
District,70,29.94,5.58,35.52,1868,64,SS,60
District,71,29.94,4.46,34.4,1868,64,SS,60
District,72,29.94,5.66,35.61,1868,64,SS,60
District,73,29.94,5.36,35.3,1868,64,SS,60
District,74,29.94,5.8,35.74,1868,64,SS,60
District,75,29.94,3.76,33.7,1868,64,SS,60
District,76,29.94,4.8,34.74,1868,64,SS,60
District,77,29.94,7.57,37.52,1868,64,SS,60
District,78,32.36,5.42,37.78,1868,64,SS,60
District,79,32.36,6.23,38.59,1868,64,SS,60
District,80,32.36,5.34,37.69,1868,64,SS,60
District,81,32.36,6.68,39.03,1868,64,SS,60
District,82,32.36,4.77,37.12,1868,64,SS,60
District,83,32.36,5.27,37.62,1868,64,SS,60
District,84,32.36,4.87,37.23,1868,64,SS,60
District,85,32.36,4.95,37.31,1868,64,SS,60
District,86,32.36,5.47,37.82,1868,64,SS,60
District,87,32.36,5.98,38.34,1868,64,SS,60
District,88,33.61,3.05,36.66,1868,64,SS,60
District,89,33.61,4.06,37.67,1868,64,SS,60
District,90,33.61,3.93,37.53,1868,64,SS,60
District,91,33.61,4.44,38.05,1868,64,SS,60
District,92,33.61,4,37.61,1868,64,SS,60
District,93,33.61,3.87,37.48,1868,64,SS,60
District,94,33.61,3.92,37.53,1868,64,SS,60
District,95,33.61,4.38,37.98,1868,64,SS,60
District,96,33.61,3.52,37.13,1868,64,SS,60
District,97,33.61,4.92,38.52,1868,64,SS,60
District,98,33.61,4.98,38.59,1868,64,SS,60
District,99,33.61,4.51,38.12,1868,64,SS,60
District,100,33.61,4.36,37.96,1868,64,SS,60
District,101,33.61,4.51,38.11,1868,64,SS,60
District,102,33.61,4.59,38.19,1868,64,SS,60
District,103,33.61,3.87,37.48,1868,64,SS,60
District,104,33.61,4.24,37.85,1868,64,SS,60
District,105,33.61,4.75,38.35,1868,64,SS,60
Jubilee,1,28.35,5.19,33.54,1979,36.2,DT,27
Jubilee,2,28.35,4.86,33.2,1979,36.2,DT,27
Jubilee,3,28.35,5.15,33.5,1979,36.2,DT,27
Jubilee,4,28.35,5.07,33.41,1979,36.2,DT,27
Jubilee,5,28.35,6.46,34.8,1979,36.2,DT,27
Jubilee,6,28.35,5.15,33.49,1979,36.2,DT,27
Jubilee,7,28.35,5.98,34.33,1979,36.2,DT,27
Jubilee,8,28.28,6.93,35.21,1979,36.2,DT,27
Jubilee,9,28.28,5.74,34.01,1979,36.2,DT,27
Jubilee,10,28.28,6.07,34.35,1979,36.2,DT,27
Jubilee,11,28.28,5.64,33.92,1979,36.2,DT,27
Jubilee,12,28.28,4.06,32.34,1979,36.2,DT,27
Jubilee,13,28.28,4.02,32.3,1979,36.2,DT,27
Jubilee,14,28.28,5.05,33.33,1979,36.2,DT,27
Jubilee,15,28.28,4.91,33.18,1979,36.2,DT,27
Jubilee,16,28.28,5.7,33.98,1979,36.2,DT,27
Jubilee,17,28.28,6.19,34.47,1979,36.2,DT,27
Jubilee,18,28.28,4.39,32.66,1979,36.2,DT,27
Jubilee,19,28.28,4.11,32.39,1979,36.2,DT,27
Jubilee,20,28.28,5.48,33.76,1979,36.2,DT,27
Jubilee,21,28.28,5.53,33.81,1979,36.2,DT,27
Jubilee,22,28.28,6.71,34.99,1979,36.2,DT,27
Jubilee,23,28.28,5.27,33.55,1979,36.2,DT,27
Jubilee,24,28.28,6.14,34.42,1979,36.2,DT,27
Jubilee,25,28.28,7.56,35.84,1979,36.2,DT,27
Jubilee,26,28.28,6.91,35.18,1979,36.2,DT,27
Jubilee,27,28.37,5.71,34.09,1979,36.2,DT,27
Jubilee,28,28.37,6.65,35.02,1979,36.2,DT,27
Jubilee,29,28.36,6.6,34.96,1979,36.2,DT,27
Jubilee,30,28.36,6.29,34.65,1979,36.2,DT,27
Jubilee,31,28.36,5.47,33.83,1979,36.2,DT,27
Jubilee,32,28.36,4.9,33.26,1979,36.2,DT,27
Jubilee,33,28.36,5.58,33.94,1979,36.2,DT,27
Jubilee,34,28.36,5.76,34.12,1979,36.2,DT,27
Jubilee,35,28.36,5.99,34.35,1979,36.2,DT,27
Jubilee,36,28.38,6.07,34.45,1979,36.2,DT,27
Jubilee,37,27.68,5.12,32.8,1979,36.2,DT,27
Jubilee,38,27.68,7.12,34.8,1979,36.2,DT,27
Jubilee,39,27.68,5.94,33.62,1979,36.2,DT,27
Jubilee,40,27.69,5.04,32.72,1979,36.2,DT,27
Jubilee,41,27.69,6.14,33.82,1979,36.2,DT,27
Jubilee,42,27.69,5.99,33.68,1979,36.2,DT,27
Jubilee,43,27.69,6.46,34.15,1979,36.2,DT,27
Jubilee,44,27.69,5.4,33.09,1979,36.2,DT,27
Jubilee,45,27.69,5.56,33.25,1979,36.2,DT,27
Jubilee,46,27.69,5.85,33.54,1979,36.2,DT,27
Jubilee,47,27.69,7.56,35.24,1979,36.2,DT,27
Jubilee,48,27.69,6.52,34.21,1979,36.2,DT,27
Jubilee,49,27.69,4.66,32.34,1979,36.2,DT,27
Jubilee,50,27.69,6.08,33.77,1979,36.2,DT,27
Jubilee,51,27.69,7.23,34.92,1979,36.2,DT,27
Jubilee,52,27.69,6.83,34.51,1979,36.2,DT,27
Jubilee,53,28.28,5.45,33.73,1979,36.2,DT,27
Jubilee,54,28.28,5.81,34.09,1979,36.2,DT,27
Jubilee,55,28.28,6,34.28,1979,36.2,DT,27
Jubilee,56,28.28,5.29,33.57,1979,36.2,DT,27
Jubilee,57,28.28,6.33,34.6,1979,36.2,DT,27
Jubilee,58,28.28,4.86,33.14,1979,36.2,DT,27
Jubilee,59,28.28,7.15,35.43,1979,36.2,DT,27
Jubilee,60,28.28,6.4,34.67,1979,36.2,DT,27
Jubilee,61,28.28,6.58,34.85,1979,36.2,DT,27
Jubilee,62,28.28,5.24,33.52,1979,36.2,DT,27
Jubilee,63,28.28,7.62,35.9,1979,36.2,DT,27
Jubilee,64,28.28,7.14,35.42,1979,36.2,DT,27
Jubilee,65,28.28,6.1,34.37,1979,36.2,DT,27
Jubilee,66,28.34,5.51,33.85,1979,36.2,DT,27
Jubilee,67,28.34,5.06,33.4,1979,36.2,DT,27
Jubilee,68,28.34,5.51,33.85,1979,36.2,DT,27
Jubilee,69,28.34,6.47,34.82,1979,36.2,DT,27
Jubilee,70,28.34,5.6,33.94,1979,36.2,DT,27
Jubilee,71,28.34,5.43,33.77,1979,36.2,DT,27
Jubilee,72,28.34,5.32,33.66,1979,36.2,DT,27
Jubilee,73,28.34,6.29,34.63,1979,36.2,DT,27
Jubilee,74,28.34,6.53,34.87,1979,36.2,DT,27
Jubilee,75,28.34,4.37,32.71,1979,36.2,DT,27
Jubilee,76,28.34,6.5,34.84,1979,36.2,DT,27
Jubilee,77,28.34,6.71,35.05,1979,36.2,DT,27
Jubilee,78,28.34,6.11,34.45,1979,36.2,DT,27
Jubilee,79,28.34,5.95,34.29,1979,36.2,DT,27
Jubilee,80,28.34,5.87,34.21,1979,36.2,DT,27
Jubilee,81,28.34,6.12,34.46,1979,36.2,DT,27
Jubilee,82,28.34,5.61,33.95,1979,36.2,DT,27
Jubilee,83,28.34,5.73,34.07,1979,36.2,DT,27
Jubilee,84,28.34,5.14,33.48,1979,36.2,DT,27
Jubilee,85,28.34,5.75,34.09,1979,36.2,DT,27
Jubilee,86,28.34,6.3,34.64,1979,36.2,DT,27
Jubilee,87,28.34,6.1,34.45,1979,36.2,DT,27
Jubilee,88,28.34,5.15,33.49,1979,36.2,DT,27
Jubilee,89,28.34,5.77,34.11,1979,36.2,DT,27
Jubilee,90,28.34,5.37,33.71,1979,36.2,DT,27
Jubilee,91,28.34,5.57,33.91,1979,36.2,DT,27
Jubilee,92,28.34,5.09,33.43,1979,36.2,DT,27
Jubilee,93,28.34,4.77,33.11,1979,36.2,DT,27
Jubilee,94,28.34,4.96,33.3,1979,36.2,DT,27
Jubilee,95,28.34,5.56,33.9,1979,36.2,DT,27
Jubilee,96,28.34,4.63,32.97,1979,36.2,DT,27
Jubilee,97,28.34,6.37,34.71,1979,36.2,DT,27
Jubilee,98,28.34,6.07,34.41,1979,36.2,DT,27
Jubilee,99,28.34,7.75,36.09,1979,36.2,DT,27
Jubilee,100,28.34,6.62,34.96,1979,36.2,DT,27
Jubilee,101,28.34,6.4,34.74,1979,36.2,DT,27
Jubilee,102,28.34,6.64,34.98,1979,36.2,DT,27
Jubilee,103,28.34,5.03,33.37,1979,36.2,DT,27
Jubilee,104,28.34,4.65,32.99,1979,36.2,DT,27
Jubilee,105,28.34,4.83,33.17,1979,36.2,DT,27
Metropolitan,1,47.27,8.61,55.88,1863,66.7,SS,34
Metropolitan,2,43.45,9.73,53.19,1863,66.7,SS,34
Metropolitan,3,42.09,7.02,49.11,1863,66.7,SS,34
Metropolitan,4,42.09,6.26,48.36,1863,66.7,SS,34
Metropolitan,5,42.09,8.67,50.77,1863,66.7,SS,34
Metropolitan,6,42.09,10.23,52.33,1863,66.7,SS,34
Metropolitan,7,42.09,9.37,51.46,1863,66.7,SS,34
Metropolitan,8,42.07,7.6,49.66,1863,66.7,SS,34
Metropolitan,9,42.07,7.9,49.96,1863,66.7,SS,34
Metropolitan,10,42.07,6.67,48.74,1863,66.7,SS,34
Metropolitan,11,42.07,6.86,48.92,1863,66.7,SS,34
Metropolitan,12,42.07,8.51,50.57,1863,66.7,SS,34
Metropolitan,13,42.07,6.99,49.06,1863,66.7,SS,34
Metropolitan,14,42.07,6.36,48.43,1863,66.7,SS,34
Metropolitan,15,42.07,7.53,49.59,1863,66.7,SS,34
Metropolitan,16,41.99,7.42,49.41,1863,66.7,SS,34
Metropolitan,17,41.99,7.35,49.34,1863,66.7,SS,34
Metropolitan,18,41.99,7.9,49.89,1863,66.7,SS,34
Metropolitan,19,41.99,5.43,47.42,1863,66.7,SS,34
Metropolitan,20,43.17,6.79,49.96,1863,66.7,SS,34
Metropolitan,21,43.17,9.76,52.93,1863,66.7,SS,34
Metropolitan,22,43.17,8.83,52,1863,66.7,SS,34
Metropolitan,23,43.11,8.5,51.61,1863,66.7,SS,34
Metropolitan,24,43.1,7.17,50.27,1863,66.7,SS,34
Metropolitan,25,43.1,9.06,52.16,1863,66.7,SS,34
Metropolitan,26,43.1,8,51.1,1863,66.7,SS,34
Metropolitan,27,43.13,8.65,51.78,1863,66.7,SS,34
Metropolitan,28,43.13,8.75,51.88,1863,66.7,SS,34
Metropolitan,29,42.02,7.56,49.58,1863,66.7,SS,34
Metropolitan,30,42.02,17.6,59.62,1863,66.7,SS,34
Metropolitan,31,42.02,7.94,49.96,1863,66.7,SS,34
Metropolitan,32,42.02,7,49.02,1863,66.7,SS,34
Metropolitan,33,42.02,9.19,51.21,1863,66.7,SS,34
Metropolitan,34,42.08,8.22,50.3,1863,66.7,SS,34
Metropolitan,35,42.08,9.79,51.87,1863,66.7,SS,34
Metropolitan,36,42.02,7.16,49.19,1863,66.7,SS,34
Metropolitan,37,42.66,9.36,52.02,1863,66.7,SS,34
Metropolitan,38,42.66,9.82,52.48,1863,66.7,SS,34
Metropolitan,39,42.66,9.29,51.95,1863,66.7,SS,34
Metropolitan,40,42.7,10.84,53.54,1863,66.7,SS,34
Metropolitan,41,42.7,12.3,54.99,1863,66.7,SS,34
Metropolitan,42,42.7,8.53,51.23,1863,66.7,SS,34
Metropolitan,43,42.62,11.9,54.51,1863,66.7,SS,34
Metropolitan,44,42.62,10.78,53.4,1863,66.7,SS,34
Metropolitan,45,42.62,10.89,53.51,1863,66.7,SS,34
Metropolitan,46,42.62,8.44,51.06,1863,66.7,SS,34
Metropolitan,47,42.62,9.12,51.74,1863,66.7,SS,34
Metropolitan,48,42.62,9.77,52.38,1863,66.7,SS,34
Metropolitan,49,42.62,7.18,49.8,1863,66.7,SS,34
Metropolitan,50,42.62,9.96,52.58,1863,66.7,SS,34
Metropolitan,51,42.62,10.04,52.66,1863,66.7,SS,34
Metropolitan,52,42.62,9.13,51.75,1863,66.7,SS,34
Metropolitan,53,42.66,8.09,50.74,1863,66.7,SS,34
Metropolitan,54,42.66,7.77,50.43,1863,66.7,SS,34
Metropolitan,55,42.66,8.02,50.68,1863,66.7,SS,34
Metropolitan,56,42.66,8.39,51.05,1863,66.7,SS,34
Metropolitan,57,42.66,8.04,50.7,1863,66.7,SS,34
Metropolitan,58,42.66,9.49,52.14,1863,66.7,SS,34
Metropolitan,59,42.66,8.55,51.21,1863,66.7,SS,34
Metropolitan,60,42.66,9.51,52.17,1863,66.7,SS,34
Metropolitan,61,42.66,10.15,52.8,1863,66.7,SS,34
Metropolitan,62,42.66,8.01,50.67,1863,66.7,SS,34
Metropolitan,63,42.66,11.64,54.3,1863,66.7,SS,34
Metropolitan,64,42.66,8.22,50.88,1863,66.7,SS,34
Metropolitan,65,42.66,10.56,53.22,1863,66.7,SS,34
Metropolitan,66,42.76,7.69,50.45,1863,66.7,SS,34
Metropolitan,67,42.76,8.3,51.06,1863,66.7,SS,34
Metropolitan,68,42.76,9.98,52.74,1863,66.7,SS,34
Metropolitan,69,42.76,8.01,50.77,1863,66.7,SS,34
Metropolitan,70,42.76,8.15,50.92,1863,66.7,SS,34
Metropolitan,71,42.76,6.97,49.73,1863,66.7,SS,34
Metropolitan,72,42.76,8.11,50.87,1863,66.7,SS,34
Metropolitan,73,42.76,9.72,52.49,1863,66.7,SS,34
Metropolitan,74,42.76,9.74,52.5,1863,66.7,SS,34
Metropolitan,75,42.76,7.91,50.67,1863,66.7,SS,34
Metropolitan,76,42.76,10.31,53.07,1863,66.7,SS,34
Metropolitan,77,42.76,11.97,54.73,1863,66.7,SS,34
Metropolitan,78,42.76,8.47,51.23,1863,66.7,SS,34
Metropolitan,79,42.76,9.43,52.19,1863,66.7,SS,34
Metropolitan,80,42.76,7.48,50.24,1863,66.7,SS,34
Metropolitan,81,42.76,10.28,53.05,1863,66.7,SS,34
Metropolitan,82,42.76,6.76,49.53,1863,66.7,SS,34
Metropolitan,83,42.76,7.07,49.83,1863,66.7,SS,34
Metropolitan,84,42.76,7.55,50.31,1863,66.7,SS,34
Metropolitan,85,42.76,8.31,51.07,1863,66.7,SS,34
Metropolitan,86,42.88,9.78,52.66,1863,66.7,SS,34
Metropolitan,87,42.88,10.83,53.71,1863,66.7,SS,34
Metropolitan,88,43.29,6.33,49.61,1863,66.7,SS,34
Metropolitan,89,43.29,8.36,51.65,1863,66.7,SS,34
Metropolitan,90,43.29,7.73,51.01,1863,66.7,SS,34
Metropolitan,91,43.29,6.73,50.02,1863,66.7,SS,34
Metropolitan,92,43.29,6.36,49.65,1863,66.7,SS,34
Metropolitan,93,43.29,6.22,49.5,1863,66.7,SS,34
Metropolitan,94,43.29,7.4,50.69,1863,66.7,SS,34
Metropolitan,95,43.29,7.79,51.08,1863,66.7,SS,34
Metropolitan,96,43.29,6.42,49.7,1863,66.7,SS,34
Metropolitan,97,43.29,7.29,50.58,1863,66.7,SS,34
Metropolitan,98,43.29,8.3,51.58,1863,66.7,SS,34
Metropolitan,99,43.36,9.29,52.66,1863,66.7,SS,34
Metropolitan,100,43.36,9.26,52.63,1863,66.7,SS,34
Metropolitan,101,43.07,7.89,50.96,1863,66.7,SS,34
Metropolitan,102,43.07,8.42,51.49,1863,66.7,SS,34
Metropolitan,103,43.07,7.61,50.68,1863,66.7,SS,34
Metropolitan,104,43.07,6.91,49.97,1863,66.7,SS,34
Metropolitan,105,43.07,6.77,49.83,1863,66.7,SS,34
Northern,1,29.09,4.98,34.08,1890,58,DT,50
Northern,2,29.09,5.44,34.53,1890,58,DT,50
Northern,3,29.09,5.32,34.41,1890,58,DT,50
Northern,4,29.09,5.74,34.83,1890,58,DT,50
Northern,5,29.09,4.93,34.02,1890,58,DT,50
Northern,6,29.09,5.12,34.21,1890,58,DT,50
Northern,7,29.09,5.93,35.02,1890,58,DT,50
Northern,8,29.09,22.25,51.34,1890,58,DT,50
Northern,9,29.09,6.05,35.14,1890,58,DT,50
Northern,10,29.09,5.99,35.08,1890,58,DT,50
Northern,11,29.57,4.98,34.55,1890,58,DT,50
Northern,12,29.57,5.15,34.72,1890,58,DT,50
Northern,13,29.09,6.29,35.38,1890,58,DT,50
Northern,14,29.09,5.42,34.51,1890,58,DT,50
Northern,15,29.09,6.43,35.52,1890,58,DT,50
Northern,16,29.09,5.45,34.54,1890,58,DT,50
Northern,17,29.09,7.79,36.88,1890,58,DT,50
Northern,18,29.09,6.74,35.83,1890,58,DT,50
Northern,19,29.09,6.19,35.28,1890,58,DT,50
Northern,20,29.11,6.28,35.38,1890,58,DT,50
Northern,21,29.11,6.6,35.71,1890,58,DT,50
Northern,22,29.11,6.62,35.72,1890,58,DT,50
Northern,23,29.11,5.8,34.91,1890,58,DT,50
Northern,24,29.11,6.06,35.17,1890,58,DT,50
Northern,25,29.11,7.6,36.71,1890,58,DT,50
Northern,26,29.11,6.5,35.6,1890,58,DT,50
Northern,27,29.09,5.87,34.96,1890,58,DT,50
Northern,28,29.09,5.79,34.88,1890,58,DT,50
Northern,29,29.09,4.51,33.6,1890,58,DT,50
Northern,30,29.09,8.25,37.35,1890,58,DT,50
Northern,31,29.09,4.75,33.85,1890,58,DT,50
Northern,32,29.09,5.2,34.29,1890,58,DT,50
Northern,33,29.09,11.63,40.73,1890,58,DT,50
Northern,34,29.09,6.93,36.03,1890,58,DT,50
Northern,35,29.09,7.51,36.6,1890,58,DT,50
Northern,36,29.09,5.93,35.02,1890,58,DT,50
Northern,37,29.09,7.57,36.66,1890,58,DT,50
Northern,38,29.09,6.79,35.89,1890,58,DT,50
Northern,39,29.09,5.8,34.9,1890,58,DT,50
Northern,40,29.11,7.05,36.15,1890,58,DT,50
Northern,41,29.11,7.53,36.64,1890,58,DT,50
Northern,42,29.11,7.18,36.28,1890,58,DT,50
Northern,43,29.11,7.32,36.43,1890,58,DT,50
Northern,44,29.11,6.34,35.45,1890,58,DT,50
Northern,45,29.11,6.27,35.38,1890,58,DT,50
Northern,46,29.11,5.88,34.98,1890,58,DT,50
Northern,47,28.92,7.21,36.12,1890,58,DT,50
Northern,48,28.92,8.41,37.33,1890,58,DT,50
Northern,49,28.92,6.11,35.03,1890,58,DT,50
Northern,50,28.92,7.74,36.66,1890,58,DT,50
Northern,51,28.92,7.53,36.44,1890,58,DT,50
Northern,52,28.92,6.92,35.84,1890,58,DT,50
Northern,53,28.88,6.44,35.32,1890,58,DT,50
Northern,54,28.88,6.09,34.97,1890,58,DT,50
Northern,55,28.88,7,35.88,1890,58,DT,50
Northern,56,28.72,6.66,35.38,1890,58,DT,50
Northern,57,28.72,5.74,34.46,1890,58,DT,50
Northern,58,28.72,5.87,34.59,1890,58,DT,50
Northern,59,28.72,6.04,34.76,1890,58,DT,50
Northern,60,28.72,6.96,35.67,1890,58,DT,50
Northern,61,28.72,6.53,35.25,1890,58,DT,50
Northern,62,28.72,4.83,33.55,1890,58,DT,50
Northern,63,28.72,6.31,35.03,1890,58,DT,50
Northern,64,29.78,4.93,34.71,1890,58,DT,50
Northern,65,29.78,3.79,33.58,1890,58,DT,50
Northern,66,29.86,4.21,34.07,1890,58,DT,50
Northern,67,29.86,4,33.86,1890,58,DT,50
Northern,68,29.86,3.94,33.8,1890,58,DT,50
Northern,69,29.86,3.53,33.39,1890,58,DT,50
Northern,70,29.86,3.94,33.8,1890,58,DT,50
Northern,71,29.86,3.39,33.25,1890,58,DT,50
Northern,72,29.86,4.49,34.35,1890,58,DT,50
Northern,73,29.86,5.18,35.04,1890,58,DT,50
Northern,74,29.86,4.97,34.83,1890,58,DT,50
Northern,75,29.86,3.28,33.14,1890,58,DT,50
Northern,76,29.86,3.93,33.79,1890,58,DT,50
Northern,77,29.86,5.41,35.27,1890,58,DT,50
Northern,78,29.86,4.12,33.98,1890,58,DT,50
Northern,79,29.86,3.94,33.8,1890,58,DT,50
Northern,80,29.86,3.91,33.77,1890,58,DT,50
Northern,81,29.86,4.47,34.33,1890,58,DT,50
Northern,82,29.86,4.16,34.03,1890,58,DT,50
Northern,83,29.86,3.85,33.71,1890,58,DT,50
Northern,84,29.86,4.45,34.31,1890,58,DT,50
Northern,85,29.86,4.95,34.82,1890,58,DT,50
Northern,86,29.86,4.77,34.63,1890,58,DT,50
Northern,87,29.86,4.96,34.82,1890,58,DT,50
Northern,88,29.86,3.5,33.36,1890,58,DT,50
Northern,89,29.86,4.86,34.72,1890,58,DT,50
Northern,90,29.86,4.9,34.76,1890,58,DT,50
Northern,91,29.86,4.07,33.93,1890,58,DT,50
Northern,92,29.86,3.74,33.6,1890,58,DT,50
Northern,93,29.86,4.59,34.45,1890,58,DT,50
Northern,94,29.86,4.22,34.08,1890,58,DT,50
Northern,95,29.86,4.59,34.45,1890,58,DT,50
Northern,96,29.86,4.22,34.09,1890,58,DT,50
Northern,97,29.86,4.04,33.9,1890,58,DT,50
Northern,98,29.86,5,34.86,1890,58,DT,50
Northern,99,29.86,5.23,35.09,1890,58,DT,50
Northern,100,29.86,5.49,35.35,1890,58,DT,50
Northern,101,29.86,3.73,33.59,1890,58,DT,50
Northern,102,29.86,4.21,34.07,1890,58,DT,50
Northern,103,29.86,4.51,34.37,1890,58,DT,50
Northern,104,29.86,4.26,34.13,1890,58,DT,50
Northern,105,32.06,4.11,36.16,1890,58,DT,50
Piccadilly,1,31.2,4.97,36.16,1906,71,DT,53
Piccadilly,2,31.2,4.96,36.16,1906,71,DT,53
Piccadilly,3,31.2,5.55,36.75,1906,71,DT,53
Piccadilly,4,31.2,4.94,36.14,1906,71,DT,53
Piccadilly,5,31.2,5.81,37.01,1906,71,DT,53
Piccadilly,6,31.2,5.05,36.25,1906,71,DT,53
Piccadilly,7,31.2,5,36.2,1906,71,DT,53
Piccadilly,8,31.2,5.68,36.87,1906,71,DT,53
Piccadilly,9,31.2,4.51,35.71,1906,71,DT,53
Piccadilly,10,31.2,5.43,36.63,1906,71,DT,53
Piccadilly,11,31.2,6.33,37.53,1906,71,DT,53
Piccadilly,12,31.2,6.17,37.36,1906,71,DT,53
Piccadilly,13,31.2,7.18,38.38,1906,71,DT,53
Piccadilly,14,31.2,5.16,36.35,1906,71,DT,53
Piccadilly,15,31.2,4.24,35.43,1906,71,DT,53
Piccadilly,16,31.2,4.92,36.12,1906,71,DT,53
Piccadilly,17,31.2,6.24,37.43,1906,71,DT,53
Piccadilly,18,31.2,5.52,36.71,1906,71,DT,53
Piccadilly,19,31.2,4.21,35.41,1906,71,DT,53
Piccadilly,20,31.2,4.94,36.14,1906,71,DT,53
Piccadilly,21,31.2,6.17,37.36,1906,71,DT,53
Piccadilly,22,31.2,6.35,37.55,1906,71,DT,53
Piccadilly,23,31.2,5.92,37.12,1906,71,DT,53
Piccadilly,24,31.29,5.35,36.65,1906,71,DT,53
Piccadilly,25,31.29,5.43,36.72,1906,71,DT,53
Piccadilly,26,31.29,5.35,36.64,1906,71,DT,53
Piccadilly,27,31.29,4.69,35.99,1906,71,DT,53
Piccadilly,28,31.29,4.99,36.28,1906,71,DT,53
Piccadilly,29,31.29,4.75,36.04,1906,71,DT,53
Piccadilly,30,31.29,19.71,51.01,1906,71,DT,53
Piccadilly,31,31.29,12.07,43.36,1906,71,DT,53
Piccadilly,32,31.29,5.38,36.68,1906,71,DT,53
Piccadilly,33,31.29,6.17,37.47,1906,71,DT,53
Piccadilly,34,31.29,7.24,38.53,1906,71,DT,53
Piccadilly,35,31.29,5.65,36.94,1906,71,DT,53
Piccadilly,36,31.29,5.51,36.81,1906,71,DT,53
Piccadilly,37,31.3,6.88,38.18,1906,71,DT,53
Piccadilly,38,31.3,6.24,37.54,1906,71,DT,53
Piccadilly,39,31.3,6.21,37.5,1906,71,DT,53
Piccadilly,40,31.3,5.93,37.23,1906,71,DT,53
Piccadilly,41,31.3,6.3,37.6,1906,71,DT,53
Piccadilly,42,31.3,7.47,38.77,1906,71,DT,53
Piccadilly,43,31.3,6.89,38.19,1906,71,DT,53
Piccadilly,44,31.3,6.58,37.87,1906,71,DT,53
Piccadilly,45,31.3,6.02,37.32,1906,71,DT,53
Piccadilly,46,31.31,6.96,38.27,1906,71,DT,53
Piccadilly,47,31.31,6.96,38.27,1906,71,DT,53
Piccadilly,48,31.31,8.17,39.47,1906,71,DT,53
Piccadilly,49,31.31,6.1,37.41,1906,71,DT,53
Piccadilly,50,31.31,6.95,38.26,1906,71,DT,53
Piccadilly,51,31.31,7.71,39.02,1906,71,DT,53
Piccadilly,52,31.31,6.58,37.88,1906,71,DT,53
Piccadilly,53,31.37,6.77,38.14,1906,71,DT,53
Piccadilly,54,31.37,6.19,37.56,1906,71,DT,53
Piccadilly,55,31.37,6.08,37.44,1906,71,DT,53
Piccadilly,56,31.37,6.84,38.21,1906,71,DT,53
Piccadilly,57,31.37,6.17,37.53,1906,71,DT,53
Piccadilly,58,31.37,6.99,38.36,1906,71,DT,53
Piccadilly,59,31.37,6.88,38.25,1906,71,DT,53
Piccadilly,60,31.37,7.37,38.74,1906,71,DT,53
Piccadilly,61,31.37,8.68,40.04,1906,71,DT,53
Piccadilly,62,31.37,6.35,37.71,1906,71,DT,53
Piccadilly,63,31.24,6.59,37.83,1906,71,DT,53
Piccadilly,64,31.24,7.47,38.71,1906,71,DT,53
Piccadilly,65,31.24,7.07,38.32,1906,71,DT,53
Piccadilly,66,31.43,5.03,36.46,1906,71,DT,53
Piccadilly,67,31.43,5.25,36.68,1906,71,DT,53
Piccadilly,68,31.43,5.29,36.72,1906,71,DT,53
Piccadilly,69,31.43,5.89,37.32,1906,71,DT,53
Piccadilly,70,31.43,5.78,37.21,1906,71,DT,53
Piccadilly,71,31.43,5.07,36.5,1906,71,DT,53
Piccadilly,72,31.43,5.61,37.04,1906,71,DT,53
Piccadilly,73,32.19,5.72,37.91,1906,71,DT,53
Piccadilly,74,32.19,5.73,37.92,1906,71,DT,53
Piccadilly,75,32.19,4.78,36.97,1906,71,DT,53
Piccadilly,76,32.19,4.67,36.86,1906,71,DT,53
Piccadilly,77,32.19,6.07,38.26,1906,71,DT,53
Piccadilly,78,32.19,5.04,37.23,1906,71,DT,53
Piccadilly,79,32.19,4.55,36.73,1906,71,DT,53
Piccadilly,80,32.19,4.7,36.89,1906,71,DT,53
Piccadilly,81,32.14,7.24,39.38,1906,71,DT,53
Piccadilly,82,32.14,6.3,38.43,1906,71,DT,53
Piccadilly,83,32.14,4.7,36.84,1906,71,DT,53
Piccadilly,84,32.14,4.2,36.34,1906,71,DT,53
Piccadilly,85,32.14,4.86,37,1906,71,DT,53
Piccadilly,86,32.14,5.64,37.77,1906,71,DT,53
Piccadilly,87,32.14,5.92,38.06,1906,71,DT,53
Piccadilly,88,32.16,5.15,37.3,1906,71,DT,53
Piccadilly,89,32.16,4.81,36.97,1906,71,DT,53
Piccadilly,90,32.16,4.74,36.9,1906,71,DT,53
Piccadilly,91,32.16,5.18,37.34,1906,71,DT,53
Piccadilly,92,32.16,4.35,36.5,1906,71,DT,53
Piccadilly,93,32.16,5.41,37.56,1906,71,DT,53
Piccadilly,94,32.16,4.69,36.84,1906,71,DT,53
Piccadilly,95,32.16,4.57,36.73,1906,71,DT,53
Piccadilly,96,32.16,4.03,36.18,1906,71,DT,53
Piccadilly,97,32.16,4.77,36.92,1906,71,DT,53
Piccadilly,98,32.16,6.48,38.64,1906,71,DT,53
Piccadilly,99,32.16,7.76,39.92,1906,71,DT,53
Piccadilly,100,32.16,6.34,38.5,1906,71,DT,53
Piccadilly,101,32.16,5.35,37.51,1906,71,DT,53
Piccadilly,102,32.16,3.86,36.02,1906,71,DT,53
Piccadilly,103,32.16,4.97,37.13,1906,71,DT,53
Piccadilly,104,32.16,4.26,36.42,1906,71,DT,53
Piccadilly,105,32.16,4.22,36.38,1906,71,DT,53
Victoria,1,23.91,6.13,30.04,1968,21,DT,16
Victoria,2,23.91,5.77,29.68,1968,21,DT,16
Victoria,3,23.91,5.9,29.81,1968,21,DT,16
Victoria,4,23.91,5.49,29.4,1968,21,DT,16
Victoria,5,23.91,6.89,30.81,1968,21,DT,16
Victoria,6,23.91,6.15,30.06,1968,21,DT,16
Victoria,7,23.91,6.24,30.16,1968,21,DT,16
Victoria,8,23.91,6.72,30.63,1968,21,DT,16
Victoria,9,23.91,6.23,30.14,1968,21,DT,16
Victoria,10,23.91,8.45,32.36,1968,21,DT,16
Victoria,11,23.91,5.09,29,1968,21,DT,16
Victoria,12,23.91,5.72,29.63,1968,21,DT,16
Victoria,13,23.91,7.54,31.45,1968,21,DT,16
Victoria,14,23.91,5.23,29.14,1968,21,DT,16
Victoria,15,23.91,4.66,28.57,1968,21,DT,16
Victoria,16,23.91,5.68,29.59,1968,21,DT,16
Victoria,17,23.91,5.64,29.55,1968,21,DT,16
Victoria,18,23.72,5.48,29.2,1968,21,DT,16
Victoria,19,23.72,4.72,28.44,1968,21,DT,16
Victoria,20,23.72,5.68,29.4,1968,21,DT,16
Victoria,21,23.72,6.22,29.94,1968,21,DT,16
Victoria,22,24.25,6.54,30.78,1968,21,DT,16
Victoria,23,24.25,4.89,29.14,1968,21,DT,16
Victoria,24,24.25,5.18,29.43,1968,21,DT,16
Victoria,25,24.25,5.61,29.86,1968,21,DT,16
Victoria,26,24.25,5.21,29.45,1968,21,DT,16
Victoria,27,24.26,5.28,29.54,1968,21,DT,16
Victoria,28,24.26,4.68,28.93,1968,21,DT,16
Victoria,29,24.26,4.63,28.89,1968,21,DT,16
Victoria,30,24.26,7.37,31.63,1968,21,DT,16
Victoria,31,24.26,5.19,29.45,1968,21,DT,16
Victoria,32,24.26,4.9,29.16,1968,21,DT,16
Victoria,33,24.26,4.28,28.53,1968,21,DT,16
Victoria,34,24.26,4.98,29.24,1968,21,DT,16
Victoria,35,24.26,6.04,30.3,1968,21,DT,16
Victoria,36,24.26,4.75,29.01,1968,21,DT,16
Victoria,37,23.72,6.1,29.82,1968,21,DT,16
Victoria,38,23.72,4.92,28.64,1968,21,DT,16
Victoria,39,23.72,5.45,29.18,1968,21,DT,16
Victoria,40,23.74,7.18,30.92,1968,21,DT,16
Victoria,41,23.74,6.39,30.13,1968,21,DT,16
Victoria,42,23.74,4.95,28.69,1968,21,DT,16
Victoria,43,23.74,8.02,31.76,1968,21,DT,16
Victoria,44,23.74,6.5,30.24,1968,21,DT,16
Victoria,45,23.74,6.06,29.8,1968,21,DT,16
Victoria,46,23.74,6.04,29.78,1968,21,DT,16
Victoria,47,23.74,5.65,29.39,1968,21,DT,16
Victoria,48,23.74,7.71,31.45,1968,21,DT,16
Victoria,49,23.74,5.36,29.1,1968,21,DT,16
Victoria,50,23.74,5.29,29.02,1968,21,DT,16
Victoria,51,23.74,5.66,29.4,1968,21,DT,16
Victoria,52,23.74,6.04,29.78,1968,21,DT,16
Victoria,53,24.02,6.33,30.34,1968,21,DT,16
Victoria,54,24.02,5.41,29.43,1968,21,DT,16
Victoria,55,24.02,5.81,29.83,1968,21,DT,16
Victoria,56,24.02,7.26,31.28,1968,21,DT,16
Victoria,57,24.25,6.34,30.59,1968,21,DT,16
Victoria,58,24.25,5.71,29.97,1968,21,DT,16
Victoria,59,24.25,6.52,30.78,1968,21,DT,16
Victoria,60,24.25,6.18,30.44,1968,21,DT,16
Victoria,61,24.14,6.48,30.62,1968,21,DT,16
Victoria,62,24.02,8.25,32.27,1968,21,DT,16
Victoria,63,24.02,6.28,30.3,1968,21,DT,16
Victoria,64,24.25,6.39,30.65,1968,21,DT,16
Victoria,65,24.05,7.1,31.16,1968,21,DT,16
Victoria,66,24.32,5.56,29.88,1968,21,DT,16
Victoria,67,24.32,5.82,30.15,1968,21,DT,16
Victoria,68,24.32,6.14,30.47,1968,21,DT,16
Victoria,69,24.32,5.07,29.4,1968,21,DT,16
Victoria,70,24.32,5.21,29.53,1968,21,DT,16
Victoria,71,24.32,5.4,29.73,1968,21,DT,16
Victoria,72,24.32,6.11,30.43,1968,21,DT,16
Victoria,73,24.32,5.79,30.11,1968,21,DT,16
Victoria,74,24.32,5.5,29.83,1968,21,DT,16
Victoria,75,24.09,4.07,28.16,1968,21,DT,16
Victoria,76,24.09,5.27,29.36,1968,21,DT,16
Victoria,77,24.09,5.91,29.99,1968,21,DT,16
Victoria,78,24.09,5.84,29.93,1968,21,DT,16
Victoria,79,24.09,5.88,29.96,1968,21,DT,16
Victoria,80,24.09,6.23,30.32,1968,21,DT,16
Victoria,81,24.09,7.33,31.41,1968,21,DT,16
Victoria,82,24.09,5.67,29.75,1968,21,DT,16
Victoria,83,24.11,6.25,30.36,1968,21,DT,16
Victoria,84,24.11,5.6,29.72,1968,21,DT,16
Victoria,85,24.11,6.24,30.36,1968,21,DT,16
Victoria,86,24.11,5.84,29.95,1968,21,DT,16
Victoria,87,24.11,5.19,29.3,1968,21,DT,16
Victoria,88,24.11,5.2,29.31,1968,21,DT,16
Victoria,89,24.11,5.27,29.38,1968,21,DT,16
Victoria,90,24.38,5.01,29.39,1968,21,DT,16
Victoria,91,24.44,5.08,29.52,1968,21,DT,16
Victoria,92,24.44,6.01,30.46,1968,21,DT,16
Victoria,93,24.44,5.5,29.94,1968,21,DT,16
Victoria,94,24.44,5.28,29.73,1968,21,DT,16
Victoria,95,24.44,6.92,31.36,1968,21,DT,16
Victoria,96,24.44,5.96,30.4,1968,21,DT,16
Victoria,97,24.44,6.37,30.81,1968,21,DT,16
Victoria,98,24.44,7.09,31.53,1968,21,DT,16
Victoria,99,24.44,6.86,31.3,1968,21,DT,16
Victoria,100,24.44,7.33,31.78,1968,21,DT,16
Victoria,101,24.44,5.4,29.84,1968,21,DT,16
Victoria,102,24.44,6.28,30.72,1968,21,DT,16
Victoria,103,24.57,6.91,31.48,1968,21,DT,16
Victoria,104,24.57,6.67,31.24,1968,21,DT,16
Victoria,105,24.57,5.39,29.95,1968,21,DT,16
Waterloo & City,1,9.34,3.04,12.38,1898,2.5,DT,2
Waterloo & City,2,9.34,1.87,11.2,1898,2.5,DT,2
Waterloo & City,3,9.34,2.15,11.49,1898,2.5,DT,2
Waterloo & City,4,9.34,2.65,11.99,1898,2.5,DT,2
Waterloo & City,5,9.34,1.54,10.87,1898,2.5,DT,2
Waterloo & City,6,9.34,1.47,10.8,1898,2.5,DT,2
Waterloo & City,7,9.34,2.24,11.58,1898,2.5,DT,2
Waterloo & City,8,9.34,1.44,10.77,1898,2.5,DT,2
Waterloo & City,9,9.34,1.69,11.03,1898,2.5,DT,2
Waterloo & City,10,9.34,1.57,10.9,1898,2.5,DT,2
Waterloo & City,11,9.34,1.45,10.78,1898,2.5,DT,2
Waterloo & City,12,9.34,1.58,10.91,1898,2.5,DT,2
Waterloo & City,13,9.34,1.72,11.05,1898,2.5,DT,2
Waterloo & City,14,9.34,1.33,10.67,1898,2.5,DT,2
Waterloo & City,15,9.34,1.77,11.11,1898,2.5,DT,2
Waterloo & City,16,9.34,1.32,10.65,1898,2.5,DT,2
Waterloo & City,17,9.34,1.88,11.21,1898,2.5,DT,2
Waterloo & City,18,9.34,3.26,12.59,1898,2.5,DT,2
Waterloo & City,19,9.34,2.84,12.17,1898,2.5,DT,2
Waterloo & City,20,9.34,2.92,12.26,1898,2.5,DT,2
Waterloo & City,21,9.34,2.04,11.38,1898,2.5,DT,2
Waterloo & City,22,9.34,2.09,11.42,1898,2.5,DT,2
Waterloo & City,23,9.34,1.7,11.03,1898,2.5,DT,2
Waterloo & City,24,9.34,1.84,11.18,1898,2.5,DT,2
Waterloo & City,25,9.34,2.16,11.49,1898,2.5,DT,2
Waterloo & City,26,9.34,2.66,11.99,1898,2.5,DT,2
Waterloo & City,27,9.3,3.2,12.5,1898,2.5,DT,2
Waterloo & City,28,9.3,1.94,11.24,1898,2.5,DT,2
Waterloo & City,29,9.3,2.21,11.52,1898,2.5,DT,2
Waterloo & City,30,9.3,3.18,12.48,1898,2.5,DT,2
Waterloo & City,31,9.3,1.23,10.54,1898,2.5,DT,2
Waterloo & City,32,9.3,1.74,11.04,1898,2.5,DT,2
Waterloo & City,33,9.3,1.42,10.73,1898,2.5,DT,2
Waterloo & City,34,9.3,2.16,11.47,1898,2.5,DT,2
Waterloo & City,35,9.3,2.46,11.77,1898,2.5,DT,2
Waterloo & City,36,9.3,1.71,11.02,1898,2.5,DT,2
Waterloo & City,37,9.3,3.29,12.6,1898,2.5,DT,2
Waterloo & City,38,9.3,1.71,11.02,1898,2.5,DT,2
Waterloo & City,39,9.3,3.64,12.94,1898,2.5,DT,2
Waterloo & City,40,25.63,0,25.63,1898,2.5,DT,2
Waterloo & City,41,25.63,0,25.63,1898,2.5,DT,2
Waterloo & City,42,25.63,0,25.63,1898,2.5,DT,2
Waterloo & City,43,25.63,0,25.63,1898,2.5,DT,2
Waterloo & City,44,25.63,0,25.63,1898,2.5,DT,2
Waterloo & City,45,12.81,0.05,12.86,1898,2.5,DT,2
Waterloo & City,46,9.3,2.73,12.03,1898,2.5,DT,2
Waterloo & City,47,9.3,1.5,10.8,1898,2.5,DT,2
Waterloo & City,48,9.3,2.34,11.65,1898,2.5,DT,2
Waterloo & City,49,8.68,1.44,10.12,1898,2.5,DT,2
Waterloo & City,50,8.68,1.59,10.27,1898,2.5,DT,2
Waterloo & City,51,8.68,1.31,10,1898,2.5,DT,2
Waterloo & City,52,8.68,1.46,10.14,1898,2.5,DT,2
Waterloo & City,53,8.37,1.45,9.82,1898,2.5,DT,2
Waterloo & City,54,8.37,1.73,10.1,1898,2.5,DT,2
Waterloo & City,55,8.37,1.99,10.36,1898,2.5,DT,2
Waterloo & City,56,8.37,1.65,10.02,1898,2.5,DT,2
Waterloo & City,57,8.37,1.1,9.47,1898,2.5,DT,2
Waterloo & City,58,8.37,4.36,12.73,1898,2.5,DT,2
Waterloo & City,59,8.37,3.67,12.04,1898,2.5,DT,2
Waterloo & City,60,8.37,1.76,10.14,1898,2.5,DT,2
Waterloo & City,61,8.37,2.06,10.43,1898,2.5,DT,2
Waterloo & City,62,8.37,1.11,9.48,1898,2.5,DT,2
Waterloo & City,63,8.37,1.63,10,1898,2.5,DT,2
Waterloo & City,64,8.37,1.31,9.68,1898,2.5,DT,2
Waterloo & City,65,8.37,2.42,10.8,1898,2.5,DT,2
Waterloo & City,66,7.8,2.77,10.57,1898,2.5,DT,2
Waterloo & City,67,7.8,4.12,11.92,1898,2.5,DT,2
Waterloo & City,68,7.8,2.42,10.21,1898,2.5,DT,2
Waterloo & City,69,7.8,2.81,10.61,1898,2.5,DT,2
Waterloo & City,70,7.8,3.8,11.6,1898,2.5,DT,2
Waterloo & City,71,7.8,2.81,10.61,1898,2.5,DT,2
Waterloo & City,72,7.8,2.33,10.12,1898,2.5,DT,2
Waterloo & City,73,7.8,2.82,10.62,1898,2.5,DT,2
Waterloo & City,74,7.8,3.09,10.89,1898,2.5,DT,2
Waterloo & City,75,7.8,1.63,9.42,1898,2.5,DT,2
Waterloo & City,76,8.15,3,11.16,1898,2.5,DT,2
Waterloo & City,77,8.15,2.65,10.8,1898,2.5,DT,2
Waterloo & City,78,8.15,3.06,11.21,1898,2.5,DT,2
Waterloo & City,79,8.15,2.86,11.02,1898,2.5,DT,2
Waterloo & City,80,8.15,1.65,9.81,1898,2.5,DT,2
Waterloo & City,81,8.15,3.98,12.13,1898,2.5,DT,2
Waterloo & City,82,8.15,1.25,9.4,1898,2.5,DT,2
Waterloo & City,83,8.15,1.28,9.43,1898,2.5,DT,2
Waterloo & City,84,8.15,1.39,9.54,1898,2.5,DT,2
Waterloo & City,85,8.15,2.22,10.37,1898,2.5,DT,2
Waterloo & City,86,8.15,2.35,10.5,1898,2.5,DT,2
Waterloo & City,87,8.15,2.24,10.39,1898,2.5,DT,2
Waterloo & City,88,8.15,1.62,9.77,1898,2.5,DT,2
Waterloo & City,89,8.15,2.44,10.59,1898,2.5,DT,2
Waterloo & City,90,8.15,2.05,10.2,1898,2.5,DT,2
Waterloo & City,91,8.15,1.82,9.97,1898,2.5,DT,2
Waterloo & City,92,8.15,2.36,10.51,1898,2.5,DT,2
Waterloo & City,93,8.15,2.45,10.6,1898,2.5,DT,2
Waterloo & City,94,8.15,2.26,10.41,1898,2.5,DT,2
Waterloo & City,95,8.15,1.89,10.04,1898,2.5,DT,2
Waterloo & City,96,8.15,1.2,9.36,1898,2.5,DT,2
Waterloo & City,97,8.15,2.65,10.8,1898,2.5,DT,2
Waterloo & City,98,8.15,1.57,9.73,1898,2.5,DT,2
Waterloo & City,99,8.15,2.6,10.75,1898,2.5,DT,2
Waterloo & City,100,8.15,3.43,11.58,1898,2.5,DT,2
Waterloo & City,101,8.15,2.83,10.98,1898,2.5,DT,2
Waterloo & City,102,8.15,2.05,10.2,1898,2.5,DT,2
Waterloo & City,103,8.15,2.23,10.38,1898,2.5,DT,2
Waterloo & City,104,8.15,1.96,10.11,1898,2.5,DT,2
Waterloo & City,105,8.15,1.42,9.57,1898,2.5,DT,2
