{
  "content": [
    {
      "path": "de-DE.locPak",
      "size": 160,
      "date": 132501463376474327
    },
    {
      "path": "en-US.locPak",
      "size": 160,
      "date": 132501463376424466
    },
    {
      "path": "es-ES.locPak",
      "size": 160,
      "date": 132501463376364617
    },
    {
      "path": "fr-FR.locPak",
      "size": 160,
      "date": 132501463376474327
    },
    {
      "path": "it-IT.locPak",
      "size": 160,
      "date": 132501463376504241
    },
    {
      "path": "Missions/coltolimaDir/coltolima.FLT",
      "size": 11040,
      "date": 132501462006438851
    },
    {
      "path": "Missions/coltolimaDir/coltolima.loc",
      "size": 742,
      "date": 132501462006528618
    },
    {
      "path": "Missions/coltolimaDir/coltolima.PLN",
      "size": 4339,
      "date": 132501462006488718
    },
    {
      "path": "Missions/coltolimaDir/coltolima.spb",
      "size": 16249,
      "date": 132501463375197576
    },
    {
      "path": "Missions/coltolimaDir/images/Activity_Widget.jpg",
      "size": 94192,
      "date": 132501460255136219
    },
    {
      "path": "Missions/coltolimaDir/images/Loading_Screen.jpg",
      "size": 2042990,
      "date": 132500454534847407
    },
    {
      "path": "Missions/coltolimaDir/images/SKGI.jpg",
      "size": 1070845,
      "date": 132501455268218239
    },
    {
      "path": "Missions/coltolimaDir/images/SKGI.png",
      "size": 549605,
      "date": 132500443170840124
    },
    {
      "path": "Missions/coltolimaDir/images/SKGK.png",
      "size": 992390,
      "date": 132500446727326809
    },
    {
      "path": "Missions/coltolimaDir/images/SKHA.jpg",
      "size": 1271687,
      "date": 132501458113277135
    },
    {
      "path": "Missions/coltolimaDir/images/SKHA.png",
      "size": 708237,
      "date": 132500424987303217
    },
    {
      "path": "Missions/coltolimaDir/images/SKQU.jpg",
      "size": 1290772,
      "date": 132501457361138878
    },
    {
      "path": "Missions/coltolimaDir/images/SKQU.png",
      "size": 1413605,
      "date": 132500447308523356
    },
    {
      "path": "Missions/coltolimaDir/images/SKXT.jpg",
      "size": 1269034,
      "date": 132501457083084258
    },
    {
      "path": "Missions/coltolimaDir/images/SKXT.png",
      "size": 874311,
      "date": 132500445899757121
    },
    {
      "path": "Missions/coltolimaDir/images/SKXY.jpg",
      "size": 1254572,
      "date": 132501454456375675
    },
    {
      "path": "Missions/coltolimaDir/images/SKXY.png",
      "size": 546102,
      "date": 132500442172259421
    },
    {
      "path": "Missions/coltolimaDir/images/SKXZ.jpg",
      "size": 1545051,
      "date": 132501456576327673
    },
    {
      "path": "Missions/coltolimaDir/images/SKXZ.png",
      "size": 903987,
      "date": 132500444738047363
    },
    {
      "path": "Missions/coltolimaDir/Weather.WPR",
      "size": 2603,
      "date": 132501282200286187
    },
    {
      "path": "pl-PL.locPak",
      "size": 160,
      "date": 132501463376384563
    },
    {
      "path": "pt-BR.locPak",
      "size": 160,
      "date": 132501463376334697
    },
    {
      "path": "ru-RU.locPak",
      "size": 160,
      "date": 132501463376454387
    },
    {
      "path": "zh-CN.locPak",
      "size": 160,
      "date": 132501463376404512
    }
  ]
}